MouseID,DYRK1A_N,ITSN1_N,BDNF_N,NR1_N,NR2A_N,pAKT_N,pBRAF_N,pCAMKII_N,pCREB_N,pELK_N,pERK_N,pJNK_N,PKCA_N,pMEK_N,pNR1_N,pNR2A_N,pNR2B_N,pPKCAB_N,pRSK_N,AKT_N,BRAF_N,CAMKII_N,CREB_N,ELK_N,ERK_N,GSK3B_N,JNK_N,MEK_N,TRKA_N,RSK_N,APP_N,Bcatenin_N,SOD1_N,MTOR_N,P38_N,pMTOR_N,DSCR1_N,AMPKA_N,NR2B_N,pNUMB_N,RAPTOR_N,TIAM1_N,pP70S6_N,NUMB_N,P70S6_N,pGSK3B_N,pPKCG_N,CDK5_N,S6_N,ADARB1_N,AcetylH3K9_N,RRP1_N,BAX_N,ARC_N,ERBB4_N,nNOS_N,Tau_N,GFAP_N,GluR3_N,GluR4_N,IL1B_N,P3525_N,pCASP9_N,PSD95_N,SNCA_N,Ubiquitin_N,pGSK3B_Tyr216_N,SHH_N,BAD_N,BCL2_N,pS6_N,pCFOS_N,SYP_N,H3AcK18_N,EGR1_N,H3MeK4_N,CaNA_N,Genotype,Treatment,Behavior
3425_12,0.261084505,0.440908389,0.216283022,1.619032906,2.194963695,0.185539935,0.161285339,2.091302333,0.154333385,0.806890159,0.293217982,0.227715124,0.217673413,0.199443844,0.593078943,0.455739224,0.984551213,1.013131469,0.385447242,0.481075236,0.212111849,0.255059478,0.146763479,0.7719759,1.524795304,0.829445389,0.175807199,0.20114321,0.445697513,0.124362738,0.329831608,1.413564035,0.425459601,0.399505639,0.362428549,0.552757609,0.450795613,0.294917349,0.430712189,0.276069829,0.255986405,0.358102889,0.484628457,0.192044064,0.856548348,0.163280294,2.300122399,0.281395349,0.574785802,0.781395349,0.270134639,0.183843329,0.186903305,0.12753978,0.158873929,0.211995104,0.3124847,0.129130967,0.224357405,0.132313341,0.556793146,0.32998776,1.571358629,2.182129743,0.178947368,1.169522644,0.927417381,0.245654835,0.190208078,0.141126071,0.12753978,0.149326805,0.366707466,0.209302326,0.20501836,0.218359853,1.189840881,Ts65Dn,Saline,S/C
321_6,0.457992362,0.703491544,0.385842881,2.904391708,6.318466994,0.21685761,0.160665576,2.652073104,0.197081288,1.8101473,0.711811238,0.334969995,0.343426077,0.262956901,1.058237861,0.834833606,2.032051282,1.868248773,0.393889798,0.89893617,0.371658483,0.40248227,0.180714675,1.721767594,3.858701582,1.417075832,0.267321331,0.288052373,0.856110202,0.153436989,0.413120567,2.539416258,0.348199673,0.539689034,0.424031642,0.831696672,0.73690671,0.502318603,0.730496454,0.507092199,0.370840153,0.489907256,0.180714675,0.228912928,1.229820713,0.183145472,0.935244724,0.362735457,0.514411075,2.231333686,0.103411756,0.191239882,0.214917921,0.154020728,0.199182994,0.214615326,0.274982979,0.128375823,0.204251456,0.138134503,0.558438611,0.329525683,1.679173916,2.463348211,0.185490582,1.227929495,0.905060897,0.234359634,,0.164687193,0.154020728,,0.573795295,0.137983206,0.208033891,,1.68242681,Control,Memantine,C/S
3423_11,0.246852998,0.438020055,0.293364626,2.486025176,4.287177299,0.289097504,0.207382121,3.256880734,0.241519095,1.213782803,0.312566674,0.327074888,0.291231065,0.305525923,0.848730531,0.774269255,1.671858332,1.185406443,0.419031363,0.803285684,0.295924899,0.413697461,0.186046512,1.051418818,2.395988905,1.07915511,0.260721144,0.281203328,0.749093237,0.187326648,0.3275016,2.207382121,0.735438447,0.459142309,0.409216983,0.761894602,0.544271389,0.349263921,0.570727544,0.276509494,0.297205035,0.358224877,0.317473864,0.182729878,0.915082053,0.162281844,1.386038031,0.310497525,0.286793436,1.383302943,0.06655379,0.209299297,0.190674655,0.135061214,0.166710081,0.206173483,0.166970565,0.107449857,0.213597291,0.113441,0.564990883,0.298384996,1.686246418,2.552617869,0.165147174,1.412998177,0.8252149,0.231179995,0.141964053,0.13714509,0.135061214,0.110705913,0.483849961,0.123209169,0.188981506,0.22740297,1.393592081,Control,Saline,S/C
J1291_5,0.268433005,0.447236942,0.300984103,2.157153671,3.037698713,0.235427706,0.178349735,3.346101438,0.232248297,0.98985617,0.247236942,0.298107494,0.282059046,0.259651779,0.769114307,0.589099167,1.289477668,1.458743376,0.442997729,0.60666162,0.239212718,0.357002271,0.179258138,1.024375473,2.143527631,1.086146858,0.255412566,0.258743376,0.731112793,0.177592733,0.40348221,2.142316427,0.826495079,0.415291446,0.351854656,0.667524603,0.543073429,0.314458743,0.52339137,0.290840273,0.284178653,0.404239213,0.644511734,0.192923899,0.76816708,0.150677093,2.703414076,0.293820332,0.592981118,0.809078772,0.603948121,0.151821476,0.179668129,0.114152203,0.151916842,0.182910547,0.331203509,0.10719054,0.193114629,0.110337593,0.495136372,0.299828343,1.358859432,2.225824909,0.138184246,1.295918367,0.762635895,0.201983597,0.148006866,,0.114152203,,0.325863056,0.318043105,0.139614724,0.231451459,1.415601755,Ts65Dn,Saline,S/C
365_5,0.284857352,0.506949525,0.323482078,2.440380395,3.802926116,0.236283833,0.177761522,4.531236284,0.208339429,1.287783467,0.366349671,0.364155084,0.313972202,0.294513533,0.866569129,0.912362838,1.768836869,1.268324799,0.430577908,0.755669349,0.255157279,0.361228969,0.172640819,1.335918069,2.887929773,1.22809071,0.247256767,0.292465252,0.725384053,0.166057059,0.368544257,2.245208486,0.776591075,0.469787857,0.44228237,0.823847842,0.562838332,0.385808339,0.570007315,0.339136796,0.302121434,0.388149232,0.360643745,0.200397683,1.193740814,0.137114204,1.581914066,0.290135731,0.349528832,1.012016945,0.136336129,0.137546468,0.191147229,0.130111524,0.164001037,0.196939569,0.187602663,0.103311144,0.224690931,0.257197199,0.557275006,0.279847843,1.550445232,2.525201003,0.167804962,1.443070805,0.873605948,0.186738134,0.140399412,,0.130111524,0.112302239,0.513270511,,0.209821043,,1.108152503,Control,Memantine,S/C
3421_5,0.278368993,0.503528621,0.301781113,1.913744819,2.786042343,0.20858071,0.158731937,3.049848773,0.210148986,0.900526493,0.282961801,0.269071357,0.268399238,0.254844853,0.672342332,0.562787051,1.165677159,1.249579926,0.457264479,0.744819088,0.217878347,0.329562003,0.15761174,1.144729472,2.188641201,1.033941974,0.217878347,0.264030469,0.61812479,0.147978044,0.416153243,2.081886412,1.27948919,0.416377282,0.395765655,0.608715134,0.486837683,0.297972443,0.525148426,0.290579142,0.262014114,0.382435309,0.483925171,0.20147702,0.864486986,0.164479816,2.252814225,0.321144332,0.687603069,0.883415788,0.373843837,0.173729117,0.178031118,0.123539112,0.158528716,0.192944719,0.280490428,0.123610812,0.220836022,0.150785115,0.578905858,0.326521833,1.583709758,2.186276619,0.157309816,1.160751416,0.891876389,0.282569728,0.165196817,0.121961712,0.123539112,0.123252312,0.40144834,0.208216821,0.182619918,0.235606224,1.221194522,Ts65Dn,Saline,S/C
3478_7,0.353194544,0.544867193,0.339267767,2.309547739,4.232160804,0.233309404,0.173007897,2.883417085,0.182770998,1.219813352,0.39971285,0.322613065,0.373151472,0.266762383,0.819382627,0.56109117,1.560373295,2.045369706,0.48241206,0.660732233,0.330653266,0.342139268,0.170854271,1.195979899,2.88384781,1.366547021,0.254271357,0.277961235,0.730796841,0.159798995,0.362383345,2.112993539,0.305814788,0.465613783,0.383345298,0.697918162,0.560947595,0.364680546,0.572290022,0.382483848,0.31959799,0.400717875,0.466044508,0.170129667,0.90134354,0.165677238,2.211763787,0.318231526,0.420793626,1.655600687,0.296203718,0.144039994,0.19731292,0.116388064,0.156069364,0.159350102,0.197547258,0.121621622,0.191688799,0.103030776,0.513435401,0.305577254,1.564208717,2.113810342,0.139900016,1.134900797,0.83510389,0.208717388,0.154663334,0.131541947,0.116388064,0.12380878,0.511092017,0.197000469,0.169739103,0.205046087,1.760818622,Control,Saline,C/S
3521_6,0.633406836,0.868687982,0.381477398,2.484785006,4.568467475,0.236383682,0.185667034,4.977287762,0.226681367,1.639470783,0.963947078,0.332965821,0.363836825,0.293495039,0.830209482,0.696582139,1.548070562,2.085667034,0.509481808,0.714112459,0.660639471,0.372326351,0.179492834,1.357772878,2.946968026,1.562734289,0.262183021,0.296361632,0.835060639,0.175413451,0.436383682,2.54432194,0.34707828,0.460970232,0.382690187,0.772987872,0.5,0.387320838,0.567805954,0.400441014,0.310253583,0.401653804,0.35292172,0.18561194,0.955462687,0.168179104,1.815343284,0.327104478,0.543223881,1.806447761,0.178985075,0.139641791,0.16841791,0.123283582,0.159223881,0.18561194,0.200776119,0.112179104,0.212955224,0.118268657,0.479283582,0.310149254,1.482746269,2.225850746,0.138567164,1.175880597,0.923402985,0.237074627,0.129910448,0.097850746,0.123283582,0.091761194,0.467641791,0.114447761,0.137910448,0.153014925,1.538328358,Control,Memantine,C/S
3525_1,0.437859667,0.705300353,0.417970722,2.796769308,5.460777385,0.279858657,0.190812721,6.455830389,0.283493185,1.41706209,0.44775366,0.374558304,0.435537607,0.346087834,0.959717314,0.865623423,1.932155477,2.100555275,0.517617365,0.84209995,0.338112065,0.401211509,0.216557294,1.676224129,3.640383645,1.338414942,0.268551237,0.333568905,0.907117617,0.174760222,0.546996466,3.101261989,0.594750126,0.546895507,0.466330136,0.939626451,0.654416961,0.47844523,0.68177688,0.43755679,0.374154467,0.553255931,0.67158001,0.191756764,1.034465726,0.168322266,2.263926239,0.317381044,0.512211185,1.789638329,0.250041161,0.153120026,0.196421711,0.149003897,0.182262225,0.219911092,0.216124252,0.11898359,0.197299819,0.135173701,0.478458921,0.340925306,1.726085286,2.392404369,0.167444158,1.51111355,0.900993359,0.241918665,0.148290434,0.112781955,0.149003897,0.118928709,0.475056254,0.15163822,0.168871083,0.163218265,1.194610614,Ts65Dn,Saline,S/C
18899_8,0.404483431,0.591861598,0.26754386,2.019249513,3.473196881,0.276803119,0.210526316,2.563840156,0.205653021,1.511939571,0.596491228,0.348684211,0.298489279,0.295321637,0.745614035,0.712231969,1.485623782,1.245126706,0.427631579,0.626949318,0.428118908,0.410575049,0.190545809,1.013888889,2.736354776,0.992933723,0.257066277,0.302387914,0.688109162,0.181773879,0.386695906,1.87962963,0.346978558,0.42714425,0.350146199,0.72002924,0.752680312,0.369152047,0.553606238,0.413011696,0.333089669,0.473684211,0.242446394,0.173484622,0.921767692,0.169901463,1.372648552,0.326366079,0.58241266,1.156016721,0.19737235,0.207375336,0.184532696,0.129740221,0.162137952,0.161690057,0.196775157,0.145117946,0.149149,0.096894595,0.469393849,0.357569424,1.341893102,1.991489997,0.1842341,1.269782024,0.650343386,0.217676918,0.200358316,0.177814273,0.129740221,,0.454165423,0.20438937,,0.264407286,1.31054046,Ts65Dn,Saline,C/S
3516_3,0.22331535,0.369829684,0.241087485,1.996720618,3.486618005,0.183962763,0.147466413,3.567756268,0.19866709,0.922670052,0.244790014,0.257590183,0.244578441,0.216650799,0.775944145,0.758277795,1.443457104,0.887866286,0.441552946,0.640537396,0.185866921,0.294827039,0.158891357,1.186607426,2.023590395,0.792341056,0.190627314,0.210726753,0.525335872,0.126626468,0.337776367,2.195705067,0.710568074,0.387813393,0.397968899,0.679572622,0.445149688,0.308579287,0.477203004,0.248069396,0.262667936,0.317042209,0.316936422,0.19493041,1.016561698,0.148977529,1.439234896,0.280149289,0.391182645,0.988492341,0.7371122,0.168804914,0.178524221,0.139802504,0.17712464,0.182722961,0.361558199,0.127361791,0.276106057,0.147655703,0.564030791,0.299276884,1.59668766,2.598009486,0.169349195,1.210714563,0.731669388,0.224710365,0.147811212,0.130083197,0.139802504,0.136381308,0.427571728,,0.203094627,0.283181712,1.081486665,Control,Saline,S/C
3413_13,0.145326504,0.245358515,0.185979513,1.403329065,2.290973111,0.164692702,0.122759283,3.085787452,0.127400768,0.856113956,0.21190781,0.229833547,0.196382843,0.181978233,0.555857875,0.639244558,1.002560819,0.792733675,0.334026889,0.510883483,0.146286812,0.235275288,0.113636364,0.702144686,1.284090909,0.613636364,0.15396927,0.163252241,0.35259283,0.107394366,0.235595391,1.185019206,0.401888604,0.342029449,0.390524968,0.608514725,0.428457106,0.285211268,0.423495519,0.247119078,0.253361076,0.293693982,0.272887324,0.133552632,0.921973684,0.133026316,1.083421053,0.214210526,0.247236842,0.947105263,0.103421053,0.139078947,0.153421053,0.118026316,0.153289474,0.165263158,0.150789474,0.097631579,0.223684211,0.107894737,0.629342105,0.249736842,1.914473684,2.053684211,0.174605263,1.204078947,0.745526316,0.206842105,0.128421053,0.133552632,0.118026316,0.141973684,0.367631579,0.114868421,0.185921053,0.162894737,0.872894737,Control,Memantine,S/C
3520_3,0.755979499,1.013382688,0.390470767,2.972949886,4.891419894,0.247911921,0.190015186,3.925398633,0.23443432,1.971621109,0.967539863,0.35127183,0.433181473,0.313591496,0.967444951,0.810364465,1.853929385,2.319286257,0.53682612,0.773063781,0.637718299,0.372817008,0.176063022,1.711180714,3.349373576,1.501613516,0.265470767,0.314920273,0.900436598,0.167995444,0.457099468,2.540812453,0.335041762,0.464502658,0.40546697,0.811123766,0.513382688,0.417425968,0.619969628,0.418280182,0.342160213,0.430144267,0.33143508,0.236449086,1.234464752,0.188355091,2.320365535,0.322767624,0.780678851,1.868772846,0.268825065,0.155561358,0.180156658,0.140156658,0.172637076,0.238067885,0.271018277,0.124334204,0.25926893,0.138276762,0.534308094,0.333368146,2.011697128,2.438955614,0.149660574,1.395039164,1.03232376,0.241409922,0.14845953,0.10156658,0.140156658,0.114673629,0.525639687,0.14924282,0.146475196,,1.626736292,Control,Memantine,C/S
3517_9,0.328313813,0.50046477,0.363264547,2.409369771,3.796988288,0.226250232,0.18702361,5.330916527,0.20319762,1.23759063,0.323852017,0.30228667,0.350250976,0.271240007,0.852574828,0.631715932,1.566833984,1.519799219,0.454545455,0.68246886,0.273470905,0.407324782,0.18404908,1.194831753,2.116192601,1.121583938,0.233128834,0.300427589,0.641940881,0.167317345,0.479828964,2.283695854,0.553634505,0.522401933,0.511433352,0.798475553,0.649749024,0.441717791,0.620747351,0.419966537,0.373489496,0.548986801,0.686187024,0.158996588,0.682652402,0.157520981,1.88896062,0.243290602,0.358941252,1.128562206,0.373051738,0.172277045,0.168126902,0.103200221,0.139629254,0.173937102,0.205478189,0.119155215,0.211749516,0.127824403,0.419902241,0.272894955,1.276676197,1.821636079,0.139352578,1.099603431,0.721294845,0.203264779,0.161302223,0.135663562,0.103200221,0.144148298,0.394724707,0.201973624,,0.241814996,0.881029235,Ts65Dn,Saline,S/C
3477_5,0.512785231,0.730650155,0.389175553,2.514046554,5.070519436,0.271872492,0.188625158,4.548216948,0.238390093,1.689829148,0.800825593,0.370599702,0.404540764,0.312349501,0.864350419,1.064786148,1.748538012,2.38871689,0.514734549,0.705309024,0.457975003,0.372893017,0.195734434,1.476206857,3.001719986,1.417612659,0.260291251,0.306157551,0.805641555,0.16752666,0.439743149,2.543400986,0.384015595,0.520353171,0.422313955,0.809998853,0.623437679,0.483201468,0.599816535,0.421167297,0.373695677,0.500630662,0.447196422,0.181668357,0.842101927,0.163666329,2.005070994,0.3019143,0.368027383,2.022946247,0.313197262,0.155806288,0.190542596,0.124239351,0.151052231,0.163159229,0.173744929,0.125633874,0.192761156,0.124936613,0.418990872,0.326064909,1.527256592,1.942254057,0.137043611,1.04773073,0.719574037,0.222806795,,0.114984787,0.124239351,0.114604462,0.385775862,0.184140467,0.154982252,,1.366823022,Control,Saline,C/S
J3295_4,0.356012037,0.585110559,0.313620306,2.545073924,3.79445244,0.221117362,0.176501374,3.232369488,0.23119194,1.156483056,0.334292817,0.307863404,0.289415151,0.288106764,0.925552793,0.6481748,1.468533298,1.370011775,0.450870077,0.707837237,0.258013869,0.381263902,0.169043569,1.277116316,2.54441973,1.182258276,0.270181866,0.29844302,0.791312312,0.172576214,0.435954468,2.507130708,1.144184221,0.431636792,0.364385712,0.683501243,0.547952375,0.332461075,0.578176109,0.311003533,0.262985739,0.416459505,0.573727594,0.234890533,0.98435091,0.162580944,2.392229417,0.311362936,0.678846747,0.875501079,0.57408264,0.179000925,0.187172371,0.125809436,0.165279063,0.207755165,0.412812211,0.121261178,0.22471477,0.139685476,0.58626272,0.357539315,1.508017268,2.502081406,0.154949121,1.238128276,0.930388529,0.240132593,0.168670984,,0.125809436,0.112550108,0.428230034,0.295790934,0.180928153,0.255319149,1.379201357,Ts65Dn,Saline,S/C
3411_15,0.257819687,0.466881325,0.298298068,2.015869365,3.039328427,0.235970561,0.207681693,2.788178473,0.258279669,1.29599816,0.305197792,0.32474701,0.297838086,0.280358786,0.733900644,0.814167433,1.366605336,1.14075437,0.424793008,0.731600736,0.236200552,0.364765409,0.209521619,0.968951242,2.068077277,0.911223551,0.231140754,0.280588776,0.575666973,0.172263109,0.426632935,1.960671573,1.202851886,0.464811408,0.509659614,0.829576817,0.642364305,0.358785649,0.550827967,0.338546458,0.378564857,0.445722171,0.354875805,0.140883047,0.793562521,0.168520391,1.271991911,0.297101449,0.294068082,1.19396697,0.128244018,0.191776205,0.165318504,0.132962588,0.157061004,0.17256488,0.128412538,0.130434783,0.275193798,0.1636333,0.600606673,0.272834513,1.868048534,2.26744186,0.193124368,1.299460735,0.826423997,0.205426357,0.203909673,,0.132962588,0.158577688,0.468318166,,0.31445905,,1.092349174,Ts65Dn,Memantine,S/C
3484_13,2.516367377,2.419004863,0.443789749,3.075102881,5.867564534,0.187803966,0.175271231,2.104470632,0.226056865,4.687897493,3.566685372,0.300785634,0.349794239,0.271043771,1.060231949,0.718574635,1.958380097,2.156191545,0.401421624,0.897399925,1.999251777,0.400953984,0.18761691,2.133090161,3.943696221,2.281144781,0.279461279,0.349420127,0.904320988,0.172933034,0.44332211,3.016647961,0.34885896,0.439393939,0.337355032,0.72409278,0.547792742,0.479236813,0.615413393,0.401047512,0.349794239,0.490460157,0.200523756,0.163232264,0.671474831,0.164704151,1.551221666,0.294818958,0.279805711,1.039593759,0.096114218,0.185899323,0.181925228,0.094053577,0.122755372,0.136443921,0.168383868,0.137474242,0.175007359,0.10612305,0.357668531,0.244627613,1.055048572,1.909184575,0.150721225,1.018840153,0.914924934,0.222549308,0.186635266,0.188107153,0.094053577,0.137474242,0.453782749,,0.211510156,,1.52708272,Control,Saline,C/S
3420_7,0.292259786,0.362989324,0.31383452,1.860542705,2.875,0.235097865,0.232873665,4.527580071,0.225088968,1.253336299,0.318505338,0.392793594,0.289813167,0.305382562,0.710631673,0.982206406,1.378781139,1.118327402,0.433496441,0.546930605,0.300266904,0.367882562,0.212188612,0.872330961,1.493772242,0.837633452,0.221530249,0.25044484,0.59341637,0.184830961,0.331405694,1.714857651,0.605204626,0.427268683,0.511343416,0.821396797,0.588745552,0.320284698,0.549599644,0.315836299,0.320729537,0.367660142,0.448620996,0.160385476,0.983823782,0.164859749,1.949578386,0.245912924,0.311650318,1.250903459,0.208053691,0.170366546,0.187919463,0.14145586,0.154534504,0.178454655,0.199105145,0.12940974,0.212011702,0.110996386,0.648081225,0.290483566,1.982619171,2.592496988,0.212527964,1.573395285,0.776802616,0.225090346,,,0.14145586,0.130958527,0.477370504,0.217518499,,,1.084839098,Control,Memantine,S/C
3522_6,0.57797946,0.838309052,0.324337234,2.321112969,4.141748268,0.20277048,0.175662766,6.21925006,0.200382135,1.544662049,0.686887987,0.294005254,0.369954621,0.289109147,0.8275615,0.673035586,1.526630045,1.940530213,0.528898973,0.646644375,0.457129209,0.348220683,0.183424887,1.349176021,2.548244567,1.291139241,0.236446143,0.264150943,0.742894674,0.166706472,0.449247671,2.315619775,0.311798424,0.36350609,0.342488655,0.602101743,0.544542632,0.333293528,0.549677573,0.379508001,0.307141151,0.392046812,0.5,0.192617702,0.86779661,0.182372881,1.995781544,0.297175141,0.612881356,1.144180791,0.364369115,0.160451977,0.174689266,0.112090395,0.150282486,0.170094162,0.205800377,0.127231638,0.198719397,0.130772128,0.496421846,0.294463277,1.284369115,2.133483992,0.138229755,1.111035782,0.879246704,0.194877589,0.147193974,0.115178908,0.112090395,0.12180791,0.468399247,0.173182674,0.149830508,0.184708098,1.665310734,Ts65Dn,Memantine,C/S
3499_15,0.233550792,0.37054986,0.21584343,1.742963653,2.52805219,0.193849021,0.139235788,2.318732526,0.135135135,0.812301957,0.338676608,0.223112768,0.273252563,0.189934762,0.648648649,0.423112768,1.07138863,1.493755825,0.402982293,0.422367195,0.207642125,0.256477167,0.137185461,0.708480895,1.597017707,0.920969245,0.191425909,0.191425909,0.481826654,0.125256291,0.315191053,1.450139795,0.249394222,0.442311277,0.411369991,0.604846226,0.475489282,0.312581547,0.494501398,0.313699907,0.279403541,0.341286114,0.581733458,0.139261437,0.700349072,0.142384714,2.196215322,0.227264376,0.413558699,0.729377182,0.239941209,0.142935881,0.123461326,0.102516994,0.148263825,0.154326658,0.175638435,0.123093882,0.199889767,0.100128606,0.536101415,0.330883704,1.288076428,1.943046114,0.181701268,1.062465552,0.84879662,0.264743708,0.193643211,0.132647437,0.102516994,0.160389491,0.399963256,0.181333823,0.248576153,0.214771266,1.060260886,Control,Memantine,C/S
322_6,0.362914748,0.555484998,0.32354342,2.252579775,4.806477219,0.219399905,0.184632481,3.859183997,0.180346087,1.421177965,0.588347357,0.341959041,0.302428957,0.251309732,0.834100651,0.885061121,1.699476107,1.287505953,0.368153675,0.754722972,0.319257025,0.370852516,0.157485315,1.210985871,3.308937927,1.098745833,0.240514367,0.263851405,0.721384347,0.143673599,0.384187966,2.105254802,0.322590887,0.487061438,0.394983331,0.771709795,0.64534053,0.395935863,0.600412764,0.489125258,0.330052389,0.41689157,0.175583426,0.201415351,1.167392488,0.16231174,0.87143894,0.331700236,0.407729995,1.490655054,0.102159318,0.164942842,0.198512067,0.139539104,0.173561967,0.188985665,0.199872981,0.134549084,0.268463074,0.142533116,0.664217021,0.322355289,1.89602613,2.352476864,0.166213028,1.295953547,0.856741063,0.240518962,,0.136726547,0.139539104,0.127290873,0.488568318,,,,1.72409726,Control,Memantine,C/S
3476_11,0.362542647,0.615191237,0.301669959,2.063386604,2.841443706,0.253905549,0.165379781,3.967139522,0.233435087,1.29610343,0.501705872,0.369366134,0.390195726,0.293948644,0.698868738,0.766026217,1.539414617,2.458969294,0.579098581,0.564374214,0.337762614,0.369186569,0.177231101,0.997665649,2.056742683,1.120667983,0.242952056,0.27042557,0.698868738,0.178128928,0.412820973,1.759202729,0.301131262,0.376728317,0.313162148,0.750404022,0.551984198,0.289639073,0.464715389,0.356796552,0.260369905,0.386424852,0.518225893,0.210814511,0.986652977,0.191763632,3.143166781,0.315195072,0.621263974,0.834816336,0.293976728,0.202486881,0.210586356,0.111339265,0.146817248,0.18275154,0.22667123,0.136892539,0.187428702,0.122746977,0.467031713,0.295916039,1.726328998,2.14636094,0.155829341,1.374287018,0.941478439,0.261921059,0.183321926,0.138147388,0.111339265,0.156970112,0.423340178,0.200091262,0.179101072,0.21754506,1.686972393,Ts65Dn,Saline,C/S
3423_6,0.308890795,0.561606632,0.358347627,3.03887936,5.576901086,0.263007433,0.205974843,4.10806175,0.241280732,1.283876501,0.373927959,0.367352773,0.329759863,0.322041166,1.019868496,1.053602058,2.084619783,1.390508862,0.464694111,0.922670097,0.281160663,0.409662664,0.188250429,1.494139508,3.19053745,1.261149228,0.274585477,0.30946255,0.86649514,0.18567753,0.400943396,2.965265866,0.945540309,0.515580332,0.457975986,0.923241852,0.545740423,0.439536878,0.66995426,0.323184677,0.340766152,0.452258433,0.375357347,0.214257331,0.944528332,0.150838433,1.50774855,0.317173965,0.320909163,1.634109513,0.070412461,0.135261861,0.187395693,0.142334896,0.171183343,0.226337122,0.170229675,0.109433362,0.226098705,0.122546293,0.538583804,0.301358976,1.700468887,2.588253993,0.166573949,1.398871493,0.806882302,0.211952635,0.139950727,0.110704919,0.142334896,0.102678217,0.558690296,0.107049193,0.159183025,0.168799173,1.246920448,Control,Saline,S/C
321_14,0.366569691,0.573657762,0.326368686,2.441946575,4.036498281,0.266860619,0.224543771,2.633430309,0.206559111,1.315789474,0.617297011,0.350965353,0.316053954,0.291721767,0.889182756,0.617297011,1.620206295,1.343824385,0.426606718,0.730759058,0.389050516,0.466543243,0.207352552,1.1785242,2.783655118,1.302036498,0.285109759,0.293573129,0.766463898,0.195979899,0.355461518,1.969584766,0.340650622,0.494049193,0.389050516,0.798201534,0.650092568,0.372652737,0.675218196,0.45517059,0.353874636,0.417878868,0.181433483,0.183850732,0.825961074,0.169213447,0.905742319,0.325719801,0.529676693,1.380408557,0.082354834,0.17966865,0.160688435,0.131253016,0.172912981,0.168409201,0.196879524,0.134309152,0.193501689,0.094740228,0.637767412,0.327006595,1.588064983,2.368988258,0.183850732,1.473218594,0.944506997,0.255589513,,0.178864404,0.131253016,,0.549461155,0.183689883,0.279556056,,1.633585331,Control,Memantine,C/S
3415_1,0.649781277,0.828696413,0.405861767,2.921434821,5.167979003,0.207174103,0.17664042,3.72808399,0.23928259,1.666579178,0.969466317,0.321259843,0.40656168,0.255293088,1.056342957,1.099300087,1.925284339,2.231671041,0.426859143,0.873228346,0.512773403,0.343219598,0.167629046,1.852755906,3.366491689,1.503674541,0.246019248,0.305424322,0.851006124,0.165179353,0.441557305,2.578215223,0.340857393,0.487664042,0.401049869,0.781364829,0.534033246,0.431846019,0.618022747,0.361417323,0.321959755,0.427296588,0.252055993,0.242086039,1.061181006,0.163758117,1.862368101,0.321174919,0.54104099,2.159547484,0.134638799,0.15817776,0.196124188,0.132000812,0.16112013,0.210988231,0.210379464,0.128145292,0.292461445,0.152597403,0.527242289,0.348062094,1.687550731,2.436586851,0.168171672,1.139153815,0.987773945,0.239752435,0.139052354,0.112926136,0.132000812,0.129362825,0.486911526,0.125152192,0.146864854,0.14351664,1.627181412,Control,Memantine,C/S
321_7,0.420541987,0.62295082,0.342756775,2.635162262,5.307962529,0.228839077,0.174305788,2.724322516,0.183506189,1.43643359,0.643860823,0.322515892,0.316159251,0.256774841,0.94061559,0.694546671,1.835061894,1.485279358,0.383907661,0.800434928,0.351789896,0.398962864,0.177484108,1.385413182,3.269488123,1.307795249,0.254934761,0.266142523,0.789227166,0.159417866,0.382234861,2.254934761,0.319839411,0.495817999,0.385747742,0.777350284,0.644362663,0.425727668,0.669621947,0.446637671,0.340414854,0.429742389,0.171462027,0.214021772,1.060021971,0.169180066,0.950364526,0.341755718,0.472585639,1.628383102,0.098571857,0.184260461,0.192050335,0.103565365,0.183860981,0.205033457,0.226905023,0.140816938,0.24288425,0.132028363,0.568660741,0.30740038,1.584240487,2.450314591,0.176570458,1.347248577,0.875162289,0.216818136,,0.155897333,0.103565365,,0.586237891,0.14790772,0.241086587,,1.653051034,Control,Memantine,C/S
3425_2,0.364971751,0.702542373,0.314783427,2.332015066,3.675235405,0.211770245,0.156967985,3.477212806,0.229661017,1.112806026,0.367514124,0.294915254,0.285404896,0.261016949,0.822222222,0.711393597,1.439736347,1.304048964,0.469491525,0.708945386,0.26007533,0.317043315,0.169303202,1.457250471,2.584274953,1.123163842,0.213088512,0.285499058,0.680602637,0.142467043,0.427118644,2.380414313,0.676365348,0.427966102,0.429096045,0.682862524,0.524858757,0.358097928,0.518455744,0.334086629,0.285781544,0.433521657,0.548305085,0.232658072,1.040459847,0.161895195,2.214186059,0.316423908,0.717506557,0.914057704,0.304871924,0.163569396,0.206373124,0.127685697,0.151738378,0.227635471,0.313131313,0.11836598,0.234946147,0.152408058,0.516435069,0.350800826,1.651264021,2.140688655,0.170489425,1.279200848,0.918801272,0.237178414,0.151905798,0.115631453,0.127685697,0.142976729,0.407500419,0.162118422,0.160890675,0.168982644,1.214074446,Ts65Dn,Saline,S/C
3517_3,0.397678917,0.624242424,0.370728562,2.7103804,5.16273372,0.245776918,0.189426177,6.901096067,0.237395229,1.392263056,0.362604771,0.336299162,0.381302386,0.300193424,1.022566086,0.759381044,1.860863959,1.688845906,0.486524823,0.795099936,0.289232753,0.414184397,0.195228885,1.572920696,2.861121857,1.259574468,0.256479691,0.310509349,0.78349452,0.171244358,0.529206963,3.051450677,0.633397808,0.526499033,0.479303675,0.827208253,0.658542876,0.475950999,0.645647969,0.443068988,0.375757576,0.579626048,0.752804642,0.187387711,0.814888011,0.173972931,1.756857109,0.263564499,0.469756857,1.369445443,0.399628698,0.175949215,0.180201222,0.115882142,0.145226973,0.173913043,0.220385675,0.120433585,0.218589053,0.133489041,0.383099772,0.291651695,1.376272607,1.968439334,0.143310576,1.351539106,0.737872799,0.214456821,0.153910648,0.126721763,0.115882142,0.147203258,0.41693616,0.209665828,,0.20709067,1.074200503,Ts65Dn,Saline,S/C
3500_1,0.34637699,0.572398469,0.327984199,2.659054438,5.347734848,0.23404518,0.185038884,6.947290458,0.220343168,1.513763733,0.431428219,0.384643871,0.340328355,0.317491668,1.042834218,1.221701025,1.948154549,1.508579188,0.456486853,0.76595482,0.234292063,0.350697445,0.197136156,1.4952475,2.650783854,1.199234662,0.238612517,0.287989137,0.762375015,0.146772003,0.462288606,2.71731885,0.719664239,0.484384644,0.513763733,1.007653376,0.665843723,0.44105666,0.621651648,0.394395754,0.366004197,0.505740032,0.418837181,0.187665483,0.997804327,0.147174685,1.877752664,0.284727155,0.410720052,1.574103972,0.16667743,0.15866968,0.189150791,0.125605425,0.144849855,0.201614466,0.173910236,0.11643526,0.244300936,0.148272522,0.501259283,0.270584437,1.708685825,2.443073943,0.143752018,1.373587343,0.810849209,0.195027446,0.168873103,0.139037778,0.125605425,0.132257023,0.475944462,0.163254763,0.198514692,0.185728124,0.957378108,Control,Memantine,S/C
