MouseID,DYRK1A_N,ITSN1_N,BDNF_N,NR1_N,NR2A_N,pAKT_N,pBRAF_N,pCAMKII_N,pCREB_N,pELK_N,pERK_N,pJNK_N,PKCA_N,pMEK_N,pNR1_N,pNR2A_N,pNR2B_N,pPKCAB_N,pRSK_N,AKT_N,BRAF_N,CAMKII_N,CREB_N,ELK_N,ERK_N,GSK3B_N,JNK_N,MEK_N,TRKA_N,RSK_N,APP_N,Bcatenin_N,SOD1_N,MTOR_N,P38_N,pMTOR_N,DSCR1_N,AMPKA_N,NR2B_N,pNUMB_N,RAPTOR_N,TIAM1_N,pP70S6_N,NUMB_N,P70S6_N,pGSK3B_N,pPKCG_N,CDK5_N,S6_N,ADARB1_N,AcetylH3K9_N,RRP1_N,BAX_N,ARC_N,ERBB4_N,nNOS_N,Tau_N,GFAP_N,GluR3_N,GluR4_N,IL1B_N,P3525_N,pCASP9_N,PSD95_N,SNCA_N,Ubiquitin_N,pGSK3B_Tyr216_N,SHH_N,BAD_N,BCL2_N,pS6_N,pCFOS_N,SYP_N,H3AcK18_N,EGR1_N,H3MeK4_N,CaNA_N,Genotype,Treatment,Behavior,class
3477_10,0.451308901,0.647748691,0.37947644,2.057382199,3.834764398,0.29486911,0.207748691,3.866806283,0.222827225,1.624712042,0.729424084,0.353298429,0.381570681,0.320209424,0.735497382,0.873089005,1.462408377,2.261989529,0.523141361,0.657591623,0.466596859,0.392670157,0.216335079,1.094031414,2.351832461,1.308481675,0.269319372,0.300942408,0.724188482,0.192670157,0.415287958,1.999162304,0.369005236,0.518115183,0.476439791,0.815706806,0.69026178,0.388900524,0.658219895,0.429109948,0.390366492,0.492984293,0.451937173,0.153828005,0.712044355,0.167040226,2.462309779,0.278518344,0.355078448,1.682670756,0.331839094,0.16125988,0.190633479,0.115017105,0.148755456,0.152530376,0.170933113,0.12528017,0.188274154,0.105579804,0.431756518,0.294915654,1.44367111,1.91636192,0.131768314,1.213400967,0.767488498,0.228736581,,0.119971688,0.115017105,0.103456411,0.411348354,0.201132476,0.153238174,,1.392473753,Control,Saline,C/S,c-CS-s
361_12,0.417036038,0.584891116,0.365002891,2.30815186,4.015609944,0.243592214,0.194449798,3.616303719,0.20389285,1.151281557,0.576989786,0.33513201,0.375602235,0.310079013,0.815571401,0.761996531,1.57390634,2.336673733,0.521102332,0.563499711,0.375987666,0.336481018,0.184043168,0.980150318,2.101175564,1.276931971,0.28155714,0.283869724,0.769897861,0.197340528,0.407592985,2.025823858,0.325496242,0.462131432,0.358643284,0.722682598,0.537675853,0.323761804,0.540759299,0.356523415,0.304104837,0.371747928,0.524571208,0.177906839,0.735332464,0.170795306,2.304136541,0.31267038,0.347990992,1.477065308,0.128718739,0.160365059,0.196396824,0.099679981,0.144482636,0.14543084,0.139978665,0.120659002,0.212042195,0.119592272,0.425506697,0.280194382,1.277942397,2.29619533,0.142586227,1.300817826,0.930781083,0.23930307,0.174114022,0.12895579,0.099679981,0.135237644,0.442455849,0.142704753,0.171387934,0.182055233,1.906483347,Ts65Dn,Memantine,C/S,t-CS-m
3425_7,0.306110712,0.547951114,0.260963336,1.975557153,2.908123652,0.188641265,0.153414809,2.685406183,0.193961179,0.945075485,0.320488857,0.262544932,0.263263839,0.218547807,0.715312725,0.56635514,1.202731848,1.149388929,0.42674335,0.596117901,0.243421999,0.292595255,0.167217829,0.965636233,2.00301941,0.994392523,0.194823868,0.25147376,0.577282531,0.136448598,0.376419842,1.806182602,0.541480949,0.422429907,0.458950395,0.643134436,0.508267434,0.324227175,0.524658519,0.321926671,0.301365924,0.401437815,0.531416247,0.194040899,0.890441381,0.1551772,2.245026372,0.286758582,0.577033404,0.920329416,0.266308874,0.166466179,0.187563616,0.113352457,0.148792449,0.205700009,0.294531322,0.118904414,0.220135098,0.12797261,0.540205422,0.302859258,1.618117887,2.001665587,0.157583048,1.123068382,0.918848894,0.22198575,0.167021375,0.123438512,0.113352457,0.124271306,0.398260387,0.171740539,0.18451004,0.178958083,1.199037661,Ts65Dn,Saline,S/C,t-SC-s
3500_9,0.273096282,0.471667478,0.265627537,2.114466634,3.715213509,0.213508686,0.180061698,5.516317584,0.182172431,1.200357201,0.357363208,0.334632245,0.279103751,0.274557558,0.804676084,0.936515668,1.521026141,1.163825296,0.41678844,0.576717,0.220003247,0.326514044,0.182821887,1.030524436,2.028088975,0.95112843,0.208962494,0.23948693,0.619418737,0.143854522,0.393083293,1.962656275,0.573469719,0.435135574,0.445202143,0.783081669,0.591329761,0.359961033,0.737782107,0.330573145,0.318882936,0.426855009,0.338366618,0.161589854,0.967161137,0.148794021,1.675348205,0.296455668,0.353414109,1.414222625,0.141999774,0.177782811,0.177103386,0.122183218,0.145396897,0.185596195,0.176197486,0.115841921,0.269391915,0.15151172,0.609670479,0.267353641,1.765711697,2.499150719,0.175178349,1.350809648,0.830596761,0.189559506,0.177782811,0.164307553,0.122183218,0.136564375,0.496999207,0.20054354,0.223643981,0.241648737,1.093760616,Control,Memantine,S/C,c-SC-m
3521_7,0.571314423,0.749633773,0.363164203,2.406711946,4.092289253,0.26141963,0.179651085,5.05779731,0.210280996,1.687441737,0.802770009,0.331468904,0.342788654,0.27806632,0.777333866,0.614995339,1.43973898,2.033160208,0.48355307,0.653216141,0.619256892,0.360633906,0.172193368,1.14356106,2.740311626,1.50246371,0.253695565,0.308563058,0.780263684,0.173658277,0.402050872,2.298575043,0.311093355,0.436010121,0.364229591,0.730190438,0.510054601,0.37062192,0.54135038,0.383007058,0.290850979,0.358636303,0.459581835,0.175494132,0.941862261,0.16344966,1.978304509,0.322498456,0.477995676,1.451744904,0.174722051,0.14214021,0.171479308,0.112492279,0.191244595,0.188851143,0.196571958,0.114190859,0.211318715,0.115966646,0.495676343,0.274861025,1.472745522,2.197652872,0.123533045,1.1571958,0.939082767,0.244827054,0.140210006,0.093962322,0.112492279,0.099058061,0.431516368,0.122374923,0.135114268,0.147699197,1.599830142,Control,Memantine,C/S,c-CS-m
365_1,0.295470714,0.53355466,0.337206545,2.508299739,4.517785155,0.228005691,0.183424235,4.746502253,0.211761916,1.269385819,0.371591179,0.363172872,0.319777093,0.328788238,0.916646905,0.982570548,1.851790372,1.273772824,0.447830211,0.778989803,0.240929571,0.344439175,0.15840645,1.505098411,3.187336969,1.27555134,0.247095091,0.301991937,0.730495613,0.156272231,0.359497273,2.475100783,0.737016837,0.474507944,0.438226227,0.912852739,0.550272706,0.391866256,0.585724449,0.333649514,0.30187337,0.378468105,0.361868627,0.214803278,1.263831516,0.135030812,1.665808898,0.297487641,0.375770299,1.02681655,0.138078147,0.142073542,0.2090472,0.126565992,0.15961265,0.198957134,0.184397643,0.099952597,0.229091894,0.11065213,0.547843164,0.268300941,1.661678066,2.466987201,0.147558746,1.38464143,0.876278188,0.184397643,0.128936141,,0.126565992,0.108417417,0.500914201,,0.177693506,,1.011715311,Control,Memantine,S/C,c-SC-m
3478_11,0.331241283,0.480299861,0.311541144,2.011680614,3.233960948,0.216004184,0.19525802,2.34832636,0.17346583,1.095188285,0.391562064,0.275104603,0.329846583,0.248256625,0.734135286,0.493898187,1.327580195,1.982566248,0.45223152,0.569735007,0.322524407,0.323570432,0.181311018,0.932705718,2.407078103,1.279811715,0.239714086,0.263598326,0.657775453,0.15306834,0.348849372,1.705369596,0.283821478,0.407949791,0.332635983,0.633368201,0.525104603,0.311018131,0.513423989,0.346582985,0.294456067,0.395223152,0.352336123,0.165499556,0.717723641,0.165203669,2.124963014,0.303580235,0.437123977,1.940132163,0.298155637,0.138277937,0.196962225,0.107801558,0.149521649,0.141335437,0.174080284,0.121609626,0.190551336,0.099713976,0.459611402,0.285432488,1.342144196,2.078212842,0.133346484,1.260676595,0.906105139,0.219548279,0.155044876,0.124173982,0.107801558,0.138179308,0.474800276,0.192918434,0.17033238,0.211953842,1.81605681,Control,Saline,C/S,c-CS-s
294_12,0.35969917,0.490404564,0.325207469,2.405342324,3.626815353,0.269190871,0.224325726,5.003371369,0.223288382,1.373443983,0.418827801,0.357624481,0.314574689,0.311462656,0.908454357,0.877852697,1.79123444,1.23003112,0.437240664,0.676348548,0.325466805,0.427126556,0.211358921,0.997406639,2.080912863,1.146006224,0.268672199,0.295643154,0.701763485,0.185684647,0.403786307,2.093620332,0.586618257,0.55186722,0.652748963,0.923755187,0.638485477,0.369294606,0.625778008,0.367219917,0.35503112,0.441649378,0.484180498,0.152669271,0.955891927,0.138671875,1.53499349,0.30875651,0.239257813,0.95686849,0.06266276,0.146484375,0.161458333,0.134928385,0.167480469,0.196777344,0.153808594,0.110351563,0.258789063,0.146321615,0.623046875,0.293294271,1.648925781,2.466145833,0.192871094,1.482259115,0.871582031,0.289550781,,,0.134928385,0.139811198,0.479654948,,0.267578125,0.252441406,1.127766927,Control,Memantine,S/C,c-SC-m
3476_1,0.526969902,0.868870477,0.352553263,2.693523842,4.075160636,0.239093676,0.17526209,4.610585052,0.279675347,1.471846466,0.762935408,0.372336828,0.444707474,0.308505242,0.919851201,1.111684139,1.880706797,2.340125127,0.484950964,0.637724045,0.382651336,0.346550558,0.178728441,1.574991545,3.16114305,1.308927968,0.240700034,0.291849848,0.868701387,0.161734866,0.51149814,2.557997971,0.353567805,0.427206628,0.341393304,0.834376057,0.625718634,0.354920528,0.516824484,0.394234021,0.271305377,0.477595536,0.320257017,0.259542808,1.43481777,0.211774854,2.797498383,0.335238301,0.714254906,1.010459349,0.321220617,0.167565236,0.203040759,0.123948674,0.17187837,0.23835454,0.271188268,0.128908777,0.231345698,0.150905758,0.534828553,0.332003451,2.106318741,2.531216304,0.14136295,1.288979944,0.861117102,0.251617425,0.149935303,0.115268493,0.123948674,0.10993099,0.543886133,0.178401984,0.152361441,0.170368773,1.799439293,Ts65Dn,Saline,C/S,t-CS-s
J1291_6,0.273664183,0.476930395,0.329316632,2.222292691,3.265260821,0.238306643,0.18328841,3.551609323,0.245758681,1.036784525,0.249088315,0.306484858,0.301252577,0.272554305,0.785476455,0.611225622,1.343269383,1.504835897,0.457586808,0.650388457,0.247661329,0.358014904,0.174409386,1.051054384,2.226890756,1.15982242,0.249246869,0.272554305,0.767242746,0.193594419,0.414935786,2.230061836,0.881243063,0.436499128,0.370065007,0.706358015,0.582685905,0.326621215,0.54035199,0.305850642,0.295386079,0.402092913,0.673061678,0.186835919,0.749600376,0.150540668,2.697696286,0.288293371,0.579313587,0.819652092,0.580912083,0.154771979,0.171791255,0.112929008,0.151480959,0.179877762,0.330700517,0.115843912,0.188340386,0.110014104,0.497508228,0.287917254,1.330042313,2.18561354,0.137846732,1.245039962,0.756370475,0.211847673,0.150352609,,0.112929008,,0.316878232,0.300141044,0.136436295,0.233004231,1.332487071,Ts65Dn,Saline,S/C,t-SC-s
3479_13,0.520854736,0.687076228,0.351551264,2.556400247,3.716252311,0.165194165,0.098006986,2.632216971,0.228888432,1.521882063,0.58783645,0.081775221,0.412779947,0.161906719,0.885555784,0.559687693,1.574275735,2.351962194,0.161084857,0.318882268,0.453873022,0.425929731,0.210396548,,2.789808917,1.17341278,0.066776248,0.184918841,0.681528662,0.17341278,0.386891309,1.844668173,0.399219232,0.467639203,0.414012739,0.722005342,0.656461886,0.376001644,0.665502363,0.340867064,0.320731457,0.479145264,0.689747278,0.133495539,0.594971614,0.160583942,2.730900243,0.290673155,0.340957015,1.03892944,0.130575831,0.1594485,0.175182482,0.113706407,0.151662612,0.169018654,0.147607461,0.130738037,0.23649635,0.138523925,0.497972425,0.339983779,1.20162206,2.055636659,0.177128954,1.164963504,0.890673155,0.249148418,,,0.113706407,0.157502028,0.477372263,0.173073804,,0.23730738,1.3513382,Control,Saline,C/S,c-CS-s
3425_14,0.235136583,0.390108909,0.206748795,1.466880914,1.836636315,0.165684699,0.146402428,1.65738261,0.154258168,0.755043742,0.254954472,0.210855204,0.202642385,0.194251027,0.537939654,0.400464203,0.880557043,0.889126942,0.356186395,0.448491341,0.209783967,0.261203357,0.147652205,0.632922692,1.269951794,0.732547759,0.160149973,0.217996786,0.383145867,0.11819318,0.298339582,1.173540439,0.384752723,0.406177468,0.387073737,0.565077665,0.439028745,0.300839136,0.524013569,0.275843599,0.275843599,0.373683271,0.494018925,0.16625952,0.738180773,0.1566317,2.107486708,0.255640178,0.496623078,0.774967668,0.242419888,0.173731858,0.165828424,0.114815347,0.14700388,0.182353786,0.267136083,0.125880155,0.193562293,0.122575083,0.541169708,0.321597931,1.464290846,1.980025866,0.193705992,1.081477224,0.869090387,0.238396321,0.192412703,0.122718781,0.114815347,0.150021555,0.371605116,0.189395028,0.211380946,0.254777985,0.999856301,Ts65Dn,Saline,S/C,t-SC-s
3516_2,0.229960142,0.393600531,0.253764393,2.051594331,3.458038087,0.198627104,0.155779451,3.69054473,0.206377325,0.956709477,0.249667848,0.263175376,0.253764393,0.226638618,0.813994686,0.77779008,1.509632418,0.878542958,0.451948627,0.669397697,0.19010186,0.294176262,0.170283437,1.25044287,2.152900797,0.819198406,0.216231178,0.243024801,0.579273694,0.129428698,0.311891054,2.300044287,0.742581931,0.405004429,0.411426041,0.700287865,0.470992028,0.32595217,0.509853853,0.268379097,0.27734721,0.336138175,0.343224092,0.191188822,0.956554936,0.149118119,1.395052302,0.273955868,0.393677942,0.968313354,0.721844697,0.175918149,0.172711308,0.138505001,0.166450332,0.185767733,0.362373063,0.126288463,0.274948461,0.151714133,0.571657632,0.278155303,1.578758494,2.55890662,0.176070856,1.251278919,0.734061235,0.229441857,0.149347179,0.127433763,0.138505001,0.132396732,0.440711613,,0.225547835,0.258608842,1.095059937,Control,Saline,S/C,c-SC-s
3416_2,0.673084718,0.877280097,0.341102554,2.696291042,4.180077017,0.194568302,0.161126875,2.479833806,0.222030807,1.609343332,0.744527767,0.241183624,0.339177138,0.243311715,0.898459668,0.479631131,1.582083502,1.789116336,0.424199433,0.684029185,0.496453182,0.312930685,0.163153628,1.453182002,2.966457236,1.492399676,0.247669234,0.278779895,0.808066478,0.1531212,0.488346169,2.470409404,0.313842724,0.392278071,0.314754763,0.65352655,0.534758816,0.355289826,0.537292258,0.30016214,0.284961492,0.393899473,0.253952169,0.203491646,0.964770665,0.165696765,1.495150491,0.30117014,0.581503035,0.975095426,0.224766911,0.14310744,0.188536387,0.109630186,0.152243289,0.20455541,0.188160941,0.115825042,0.229647707,0.137538327,0.516988924,0.297165384,1.43382767,2.477441962,0.124147425,0.992678806,0.901633189,0.223953445,,0.107314936,0.109630186,0.105375133,0.402853388,0.14398348,,,1.720543145,Ts65Dn,Memantine,C/S,t-CS-m
J1291_3,0.289369559,0.526378264,0.32629913,2.383935637,3.457267212,0.237931944,0.187549459,3.761936165,0.252967555,1.103270905,0.261936165,0.312186758,0.304668953,0.274597731,0.843445001,0.655631759,1.422052229,1.560406225,0.476127671,0.680427328,0.245185967,0.350567133,0.177921393,1.234766552,2.479820628,1.17462411,0.244790293,0.283962015,0.785808494,0.182537589,0.453706146,2.465972039,0.941308362,0.457662886,0.375626484,0.728171986,0.601951992,0.345423371,0.577288314,0.312978106,0.279082036,0.406489053,0.676074914,0.20057992,0.772381298,0.146647336,2.548822037,0.307212758,0.626821312,0.872779993,0.610583545,0.147879667,0.171728887,0.115331642,0.149474447,0.185139543,0.335846321,0.103370787,0.184414643,0.11185212,0.459079377,0.298948895,1.328452338,2.179775281,0.135918811,1.267923161,0.736353751,0.215005437,0.128669808,,0.115331642,,0.315766582,0.283508518,0.126930047,0.221094599,1.314824212,Ts65Dn,Saline,S/C,t-SC-s
3505_4,0.814390744,1.124141256,0.388574183,2.632156201,4.972038086,0.233939978,0.133903821,2.537784741,0.218874292,2.053513318,1.086778354,0.305773171,0.368928528,0.293720622,0.857177293,0.557189346,1.760395324,2.154634205,0.509340726,0.73858021,0.671568037,0.369531156,0.197902856,1.379173195,3.171387248,1.617813668,0.279619139,0.32397252,0.821019646,0.171025672,0.48222249,2.548993612,0.346872364,0.426057611,0.296251657,0.752440641,0.613956852,0.398698325,0.553694106,0.383512113,0.322767265,0.458720019,0.269856575,0.196742363,0.980467694,0.193295485,1.580967829,0.328737497,0.44288997,1.159502568,0.096985672,0.153892944,0.192619627,0.110232495,0.152811571,0.201743715,0.181062449,0.107326304,0.212625034,0.113341444,0.497499324,0.260813733,1.7018113,2.127061368,0.114490403,1.156934307,0.892470938,0.178021087,0.124966207,0.103135983,0.110232495,0.101446337,0.474790484,0.093876723,0.120911057,0.132265477,1.985739389,Ts65Dn,Memantine,C/S,t-CS-m
3525_5,0.430794534,0.667130567,0.425733806,2.637525304,5.378415992,0.29402834,0.216346154,6.951163968,0.264423077,1.534665992,0.446356275,0.373987854,0.444964575,0.353744939,0.914600202,0.815662955,1.917130567,2.330718623,0.546432186,0.861715587,0.339954453,0.421938259,0.226973684,1.438006073,3.532388664,1.307059717,0.273152834,0.327176113,0.874620445,0.179908907,0.535804656,2.878415992,0.547697368,0.563259109,0.489752024,0.926492915,0.707110324,0.475202429,0.680288462,0.440409919,0.391447368,0.546685223,0.663081984,0.181722542,0.977205779,0.168957778,2.527353065,0.320662084,0.4426287,1.79169589,0.233973909,0.162996213,0.189156965,0.139711039,0.179337916,0.214335811,0.214756628,0.121054846,0.190209005,0.133048113,0.461775845,0.340510591,1.576167765,2.357834198,0.166222472,1.507504559,0.91036611,0.239234114,0.158647777,0.131294712,0.139711039,0.113199607,0.471244214,0.167414785,0.172604853,0.185299481,1.171693085,Ts65Dn,Saline,S/C,t-SC-s
3476_14,0.427474747,0.609090909,0.284848485,2.009090909,2.598989899,0.246666667,0.20020202,3.581818182,0.234545455,1.315959596,0.581818182,0.360808081,0.377171717,0.318383838,0.684444444,0.761616162,1.409090909,2.394545455,0.570505051,0.572323232,0.353333333,0.396565657,0.195959596,0.916767677,1.981414141,1.094949495,0.24989899,0.289494949,0.65979798,0.195555556,0.415555556,1.646868687,0.31030303,0.412121212,0.361010101,0.764646465,0.563030303,0.290707071,0.487474747,0.344444444,0.272121212,0.363434343,0.459393939,0.18665895,0.879178122,0.179424106,3.100853711,0.304731587,0.529156417,0.823469831,0.262769498,0.195630155,0.169150629,0.106352192,0.142671104,0.169440023,0.201707423,0.134857474,0.170886992,0.111561279,0.531905658,0.287223267,1.865866011,2.074084792,0.155259731,1.245839965,0.862103892,0.256402836,0.176819563,0.156996093,0.106352192,0.141513529,0.451888294,0.216032412,0.205180148,0.236000579,1.595138186,Ts65Dn,Saline,C/S,t-CS-s
3605_1,0.387451401,0.634535461,0.323769942,2.440541628,5.293336908,0.234213702,0.173347634,5.223890602,0.225231264,1.327925995,0.384770076,0.322697413,0.329802923,0.28475667,0.876525003,0.82544577,1.828127095,1.205925727,0.413862448,0.742056576,0.296420432,0.354739241,0.18165974,1.198820217,2.515618716,1.265719265,0.231934576,0.27336104,0.773696206,0.15712562,0.498324172,2.658399249,0.665638826,0.46212629,0.468159271,0.877463467,0.608794745,0.353934844,0.636546454,0.324038075,0.317334763,0.426732806,0.386244805,0.184574265,1.253837342,0.147384498,1.529667812,0.279114166,0.35364643,1.676059565,0.130507827,0.144024437,0.19969454,0.143795342,0.174341352,0.183810615,0.1844979,0.106300115,0.264528446,0.150439099,0.611836579,0.264375716,1.859106529,2.702405498,0.148224513,1.411760214,0.978083238,0.233524246,,,0.143795342,0.119663994,0.43008782,,,0.166475754,1.049637266,Ts65Dn,Memantine,S/C,t-SC-m
3491_7,0.372281167,0.577851459,0.3433687,2.235676393,3.409814324,0.253448276,0.179575597,5.382891247,0.236870027,1.372546419,0.420026525,0.337665782,0.374005305,0.303846154,0.782360743,0.791246684,1.506233422,1.779708223,0.533156499,0.711671088,0.331830239,0.351856764,0.183289125,1.242838196,2.793501326,1.121087533,0.24137931,0.288859416,0.717108753,0.165649867,0.431167109,2.375729443,0.6066313,0.428249337,0.418435013,0.785809019,0.563262599,0.337002653,0.515517241,0.35265252,0.341246684,0.414986737,0.391909814,0.179648736,1.071749232,0.166811058,2.635819485,0.308813105,0.353390565,1.194927936,0.22903048,0.167047334,0.183744192,0.124832638,0.161612979,0.173978105,0.233598488,0.118689454,0.199574703,0.129636922,0.524769631,0.284082854,1.781444436,2.25888005,0.142238324,1.399306923,0.920296133,0.212176105,0.168149957,0.127431677,0.124832638,0.113727652,0.543120422,0.166732299,0.157438765,0.187760888,1.324328582,Ts65Dn,Saline,S/C,t-SC-s
309_1,0.503643884,0.747193224,0.4301753,2.81632854,5.990151664,0.218830018,0.177565491,2.373744337,0.232223754,1.750935592,0.687906244,0.306381721,0.402698444,0.296927319,1.022060272,0.605672641,1.877683671,2.308745322,0.44159937,0.859365767,0.416289147,0.369608036,0.178944258,1.866358085,3.685247193,1.537226709,0.264526295,0.319676975,0.813866457,0.165845972,0.453909789,3.037620642,0.369509553,0.458538507,0.335335828,0.825192043,0.576915501,0.448099271,0.58627142,0.394721292,0.339570613,0.482863896,0.294169785,0.182150472,0.84272515,0.192608387,1.443090669,0.29469997,0.354604528,1.339069956,0.170118794,0.159102447,0.18885166,0.106305209,0.144989339,0.176667682,0.125190375,0.115290892,0.228043456,0.14275561,0.430957458,0.247537821,1.603309981,2.014874607,0.108234339,1.044979186,0.831556503,0.18885166,0.122652046,,0.106305209,0.108335872,0.427099198,0.114783227,0.131790029,0.128185603,1.67565235,Control,Memantine,C/S,c-CS-m
3522_12,0.526943726,0.679459137,0.322330483,2.194273215,3.738914297,0.231059853,0.220520978,6.074567508,0.212368264,1.498309803,0.611851263,0.310001988,0.386557964,0.285742692,0.770332074,0.617617817,1.464307019,2.346390933,0.540862995,0.589580433,0.504076357,0.408629946,0.207595944,1.008152714,1.967985683,1.254324915,0.301451581,0.265062637,0.70451382,0.188307815,0.478226288,2.025452376,0.318154703,0.379200636,0.301650428,0.614635116,0.586398886,0.325114337,0.52614834,0.3543448,0.302246968,0.398488765,0.587194273,0.163787505,0.646187817,0.197817898,2.050266268,0.285231848,0.555526692,1.007273672,0.307182751,0.18262112,0.169112872,0.112871802,0.14235615,0.142745811,0.177035979,0.133004286,0.188336148,0.101311859,0.41628783,0.255877387,1.064943499,1.940771529,0.135342252,1.153266658,0.820885829,0.221846993,0.171320951,0.142875698,0.112871802,0.148330952,0.432134043,0.191193662,0.184439538,0.228731004,1.502662683,Ts65Dn,Memantine,C/S,t-CS-m
3484_10,1.575491426,1.997281472,0.373902133,2.683814304,5.036386449,0.257005437,0.210999582,2.852990381,0.210790464,4.098076119,2.570054371,0.313885404,0.357800084,0.314512756,0.896486826,0.576118779,1.765370138,2.158092848,0.535968214,0.696361355,1.881639481,0.423253869,0.223337516,1.175867838,2.815767461,2.300711,0.290046006,0.335842744,0.82517775,0.206817231,0.407988289,2.479506483,0.347344207,0.419071518,0.333333333,0.706398996,0.589293183,0.403805939,0.560016729,0.377457131,0.360100376,0.407570054,0.378920954,0.177055201,0.72766555,0.158150589,1.477476504,0.288214324,0.276331425,1.013503295,0.100464513,0.175110727,0.193799287,0.090310036,0.114832019,0.133304526,0.160959274,0.122069785,0.186561521,0.099600302,0.284001296,0.227071405,0.91573944,1.91692773,0.140434266,0.877930215,0.939613266,0.21032732,0.148968348,0.131360052,0.090310036,0.147239927,0.398509236,,0.178675597,,1.558172194,Control,Saline,C/S,c-CS-s
50810E_3,0.611508836,0.931128228,0.386225646,2.721975532,4.757589488,0.210149524,0.175623018,2.953239692,0.239963752,1.6650657,0.750521069,0.324875396,0.337834164,0.27349343,0.908926144,0.75668328,1.839510648,2.084549162,0.427820571,0.79275034,0.439691889,0.34580879,0.163389216,1.864521976,3.720797463,1.482193022,0.256184866,0.32415043,0.870140462,0.157680109,0.54816493,2.70720435,0.365564114,0.435070231,0.317625736,0.750702311,0.593112823,0.376619846,0.620027186,0.373176257,0.272043498,0.462165836,0.21087449,0.246214185,1.079365944,0.17512801,2.249591459,0.359897592,0.675236954,1.857173984,0.332062316,0.162490467,0.207484475,0.108998802,0.163470966,0.149743981,0.253295566,0.116951738,0.215437411,0.131332389,0.466989868,0.307168537,1.60442314,2.295620438,0.1469659,1.238533609,0.913988452,0.213095108,0.135526746,0.135363329,0.108998802,0.114772851,0.568852816,0.174528816,0.145222791,0.1681011,1.719904129,Ts65Dn,Saline,C/S,t-CS-s
363_13,0.616950098,0.763590744,0.350989685,2.120713688,2.682743239,0.274881517,0.223585169,4.744354614,0.219682186,1.440200725,0.744912183,0.318371899,0.392528575,0.287705604,0.788681349,0.563423474,1.352104823,2.32589908,0.650961807,0.531920825,0.585447449,0.361025927,0.204627823,0.886534709,1.581823251,1.270978534,0.268469473,0.275160301,0.650404238,0.191524951,0.489824366,1.699470309,0.356007806,0.516030109,0.491497073,0.759966546,0.683022024,0.362698634,0.582102035,0.386116532,0.341511012,0.453861165,1.087259548,0.165344533,0.809923783,0.156322912,3.15476746,0.296158034,0.58127236,0.868719863,0.287758594,0.170010888,0.15056774,0.102348732,0.143101571,0.182765593,0.219785348,0.125991601,0.22974024,0.140301758,0.468968735,0.307512832,1.388396329,2.035308757,0.157567273,1.20065329,0.937159745,0.223362887,0.242494945,0.16347799,0.102348732,0.137190854,0.445170322,0.2261627,0.242183854,0.256182921,1.387618603,Ts65Dn,Memantine,C/S,t-CS-m
3424_5,0.387123198,0.557830931,0.326507208,2.542267366,4.236730013,0.237876802,0.201015727,3.117300131,0.20904325,1.36189384,0.450524246,0.368774574,0.28112713,0.297346003,0.935124509,0.846821756,1.747870249,1.238368283,0.404325033,0.798820446,0.343053735,0.388761468,0.186107471,1.249017038,2.55078637,1.18774574,0.25655308,0.279980341,0.765235911,0.168905636,0.392201835,2.402359109,1.043250328,0.465923984,0.445445609,0.846985583,0.559305374,0.365825688,0.620576671,0.28931848,0.301277851,0.377129751,0.3258519,0.188813886,1.02632594,0.149083896,1.318514947,0.291513983,0.326036644,1.43539055,0.095660559,0.148216008,0.194792671,0.142815815,0.164030858,0.205785921,0.208293153,0.120057859,0.214754098,0.125458052,0.574541948,0.290260366,1.475699132,2.448023144,0.172999036,1.323143684,0.869141755,0.223047252,,,0.142815815,0.110318226,0.492960463,0.145226615,,,1.149662488,Control,Saline,S/C,c-SC-s
3414_8,0.776663065,0.916962494,0.327056645,2.407933323,3.627102948,0.209445902,0.173020528,2.271338169,0.210680661,1.785769409,0.940114215,0.240932243,0.338323815,0.258064516,0.773113135,0.434943664,1.411483254,1.587281988,0.413644081,0.582651644,0.639759222,0.327982713,0.206976385,0.954468282,2.41009415,1.427072079,0.243864794,0.270103411,0.781602099,0.169933632,0.450069455,2.31085044,0.319339404,0.381694706,0.290476925,0.644852601,0.533569995,0.32659361,0.526161445,0.287853064,0.253279827,0.355456089,0.38215774,0.158707188,0.813603473,0.151278341,1.648432224,0.269561023,0.344910757,0.835600579,0.154269175,0.135745297,0.172214182,0.09734684,0.134587554,0.180414858,0.185045827,0.102460203,0.213217559,0.118668596,0.415340087,0.247756874,1.25200193,2.458176556,0.109406657,0.918379161,0.870429329,0.197491558,0.112108056,,0.09734684,,0.360733237,0.123203087,0.118572118,0.142981187,1.750795948,Ts65Dn,Memantine,C/S,t-CS-m
3477_9,0.462777684,0.683567916,0.385111073,2.369340343,4.97965067,0.301509242,0.204171613,4.481939969,0.238256741,1.894522639,0.715448533,0.410547736,0.426318467,0.335763948,0.846023402,0.995590978,1.679667628,3.061387146,0.606579617,0.722570799,0.451585552,0.413769713,0.223842632,1.34763439,2.701204002,1.353400034,0.287434289,0.328980838,0.795997965,0.185857216,0.449381041,2.350856368,0.405121248,0.558419535,0.468034594,0.877564863,0.762082415,0.469730371,0.649821943,0.460742751,0.445480753,0.551127692,0.717144311,0.156664719,0.784241716,0.16367582,2.151489859,0.291628412,0.294967031,1.877723062,0.285535431,0.179617728,0.19530924,0.105917703,0.13705033,0.149570153,0.161589183,0.123946248,0.176195643,0.113596528,0.396461063,0.295217428,1.345547116,1.862782739,0.133544779,1.023537267,0.691595025,0.219931558,,0.11910525,0.105917703,0.114347717,0.366413488,0.185627243,0.156497788,,1.261413905,Control,Saline,C/S,c-CS-s
311_14,0.514854614,0.564791403,0.316055626,1.957016435,2.978824273,0.250632111,0.175094817,1.487357775,0.162136536,1.678571429,0.686156764,0.300252845,0.32806574,0.268015171,0.76517067,0.555941846,1.261694058,1.213021492,0.445006321,0.616940582,0.40676359,0.345448799,0.191845765,0.829646018,2.104930468,0.961125158,0.236409608,0.248735777,0.513274336,0.187737042,0.389380531,1.512958281,0.408343869,0.586599241,0.509797724,0.882743363,0.800252845,0.500316056,0.63369153,0.474399494,0.455436157,0.520859671,0.340391909,0.135913016,0.684521906,0.180364567,0.853693636,0.225135913,0.232651103,0.699712184,0.090502079,0.204349217,0.152542373,0.091461465,0.12120243,0.136552606,0.143428206,0.13559322,0.179245283,0.099456348,0.342500799,0.233290694,0.96642149,1.403901503,0.179724976,1.030060761,0.619923249,0.182283339,0.17396866,0.16165654,0.091461465,,0.40821874,0.148704829,0.215222258,0.217620723,0.994403582,Control,Memantine,C/S,c-CS-m
J3295_6,0.35513649,0.588025847,0.314914941,2.544507451,3.981010154,0.224713174,0.178029804,3.326519847,0.241856785,1.23631808,0.333245417,0.31385995,0.287617038,0.280891468,0.935909271,0.664512726,1.519715152,1.43571146,0.433073981,0.717789793,0.262297244,0.361334564,0.167216141,1.257945404,2.590399578,1.204536463,0.252406699,0.300276935,0.781353027,0.169062376,0.451272583,2.510879599,1.138072003,0.444283265,0.370565739,0.725042859,0.56125544,0.331003561,0.590927074,0.331531056,0.275352763,0.419227219,0.559409205,0.222502785,0.967694022,0.156925362,2.346156703,0.302116599,0.648867434,0.973412551,0.556182696,0.172075752,0.179725214,0.124025251,0.156331229,0.207055329,0.388191608,0.125213517,0.210917193,0.143111771,0.518752321,0.355959896,1.351206833,2.376086149,0.15499443,1.237059042,0.893873004,0.246713702,0.159896027,,0.124025251,0.107092462,0.394801337,0.29067954,0.163460824,0.240103973,1.335982176,Ts65Dn,Saline,S/C,t-SC-s
3507_6,0.400033944,0.584691107,0.326544467,2.490325866,4.56245757,0.227936185,0.172437203,2.200610998,0.211133741,1.441446029,0.655974202,0.330617787,0.291072641,0.24490835,0.926849966,0.663781399,1.748642227,1.249490835,0.378649016,0.700610998,0.346401901,0.364392396,0.158180584,1.19874406,3.526306857,1.263408011,0.249151392,0.272742702,0.771384929,0.153088934,0.384080109,2.39035981,0.309572301,0.458078751,0.335369993,0.770196877,0.558893415,0.331636117,0.566021724,0.399015614,0.282077393,0.398336728,0.160386965,0.185553546,1.111814346,0.157926462,0.951175407,0.298372514,0.526321077,1.243620655,0.118645771,0.153807515,0.16114125,0.118344384,0.154510749,0.205143661,0.178018887,0.121961021,0.288929074,0.147177014,0.590114527,0.281997187,1.751959011,2.360357645,0.142354832,1.143962226,0.857846092,0.218002813,0.155314446,,0.118344384,0.114526823,0.498292144,,,0.184348001,1.585392807,Control,Memantine,C/S,c-CS-m
293_6,0.28372093,0.559097127,0.283994528,2.32120383,3.685088919,0.242681259,0.178112175,4.0374829,0.235294118,1.108618331,0.321340629,0.325170999,0.286456908,0.278932969,0.847742818,0.890287278,1.680300958,0.95622435,0.488508892,0.646785226,0.248563611,0.36880985,0.188508892,1.169630643,2.497400821,1.022435021,0.231463748,0.258549932,0.6875513,0.166073871,0.388645691,2.399042408,1.16128591,0.390971272,0.347879617,0.812585499,0.554445964,0.344870041,0.540218878,0.322708618,0.3,0.413269494,0.338987688,0.190649075,1.02258036,0.158505269,1.428318427,0.285840786,0.512706987,1.225006641,0.84114053,0.156911361,0.183387939,0.138847073,0.179491721,0.211015673,0.356946781,0.116798016,0.210041619,0.117417869,0.592048171,0.291153812,1.879837067,2.573806783,0.157531214,1.470734083,0.807491366,0.204728593,0.12777827,0.111219339,0.138847073,0.102718498,0.542902683,0.419906137,0.168422917,0.283627026,1.317276189,Ts65Dn,Memantine,S/C,t-SC-m
3418_8,0.356881214,0.498953428,0.347462062,2.397697541,3.580586081,0.281266353,0.227629513,2.660648875,0.226059655,1.489010989,0.335426478,0.342752486,0.354788069,0.382783883,0.904500262,0.795395081,1.625065411,1.25588697,0.441130298,0.723443223,0.274463632,0.423076923,0.190214547,1.190214547,1.912349555,1.004447933,0.257456829,0.357927786,0.63422292,0.175824176,0.493458922,2.154631083,0.919675563,0.57718472,0.753008896,0.957613815,0.84144427,0.520669806,0.755102041,0.433804291,0.461800105,0.599686028,0.59811617,0.149646226,0.731839623,0.139976415,1.268985849,0.225353774,0.211792453,0.996108491,0.789858491,0.209551887,0.184316038,0.122051887,0.144693396,0.158962264,0.318632075,0.115919811,0.201768868,0.128537736,0.437735849,0.238915094,1.328419811,1.779245283,0.158254717,1.119929245,0.636438679,0.213443396,,,0.122051887,0.144575472,0.3375,,,0.338325472,0.708726415,Ts65Dn,Memantine,S/C,t-SC-m
322_15,0.341449917,0.472329828,0.321250692,2.011068069,3.499723298,0.270060874,0.204205866,3.364969563,0.184560044,1.215273935,0.492529054,0.346153846,0.312396237,0.259822911,0.748201439,0.727725512,1.482567792,1.10486995,0.405921417,0.659103486,0.340066408,0.41615938,0.180962922,0.895960155,2.288046486,0.97426674,0.259822911,0.27255119,0.647482014,0.178195905,0.441615938,1.642778085,0.355838406,0.562534588,0.534864416,0.822080797,0.721084671,0.449363586,0.646651909,0.497786386,0.379911455,0.456834532,0.307138904,0.151748124,0.859051803,0.163646348,0.884312649,0.311184331,0.300750503,0.990298371,0.082372323,0.185246202,0.147904082,0.139117701,0.175178473,0.177558118,0.152663372,0.155775215,0.262127036,0.136371957,0.638843126,0.360973824,1.501372872,2.017755812,0.202269815,1.308804686,0.807065715,0.258282995,,0.188907194,0.139117701,0.164195497,0.518945634,,,,1.374519495,Control,Memantine,C/S,c-CS-m
3503_2,0.306760032,0.463237274,0.309183948,2.522353892,5.093994075,0.226501481,0.17250202,5.725289523,0.194990574,1.502558578,0.381228117,0.326016698,0.3221115,0.271209265,0.934419607,1.072178831,1.882036089,1.362106114,0.379342849,0.705090224,0.248720711,0.344869378,0.141395098,1.251009965,2.299622946,1.126986264,0.225828171,0.241314301,0.63143011,0.13008349,0.363452734,2.495825478,0.4932669,0.469431726,0.515351468,0.959466738,0.663345004,0.46431457,0.630218152,0.399946135,0.389981147,0.483975222,0.519795314,0.186331489,0.939149919,0.155941461,1.674532596,0.257895105,0.246831454,1.365870737,0.197535187,0.196834956,0.213990617,0.120299699,0.130733142,0.18724179,0.170226175,0.122470415,0.261676353,0.150409635,0.396820951,0.267768364,1.327147959,2.171136475,0.154961137,1.400812268,0.733281983,0.202856943,0.154681045,0.144037532,0.120299699,0.149569358,0.452769414,0.175687977,,0.215110987,0.701771585,Control,Memantine,S/C,c-SC-m
3418_15,0.252289233,0.402904957,0.303125987,1.918850647,2.520682033,0.222923903,0.207136091,1.911588254,0.195137354,1.339122198,0.280075781,0.292074518,0.297126618,0.282286075,0.768866435,0.646984528,1.264603726,0.884748974,0.387432902,0.617619198,0.255762551,0.373223871,0.18124408,0.890748342,1.395642564,0.795389959,0.212503947,0.23492264,0.491316704,0.167666561,0.40858857,1.600568361,0.792232397,0.584149037,0.644142722,0.905588885,0.752762867,0.491000947,0.694347963,0.418692769,0.526681402,0.568361225,0.588253868,0.135333979,0.654211036,0.14714424,1.197095837,0.22071636,0.222265247,0.916940949,0.832526621,0.215488867,0.171732817,0.121974831,0.170571152,0.181026137,0.330493708,0.14249758,0.19535334,0.127976767,0.53339787,0.288286544,1.513068732,1.824007744,0.215488867,1.152952565,0.700871249,0.22071636,,,0.121974831,0.172894482,0.387028074,,,0.340367861,0.735140368,Ts65Dn,Memantine,S/C,t-SC-m
3499_12,0.264873254,0.426452837,0.296085532,2.018279014,2.968615278,0.196930505,0.155544059,2.909812037,0.151577858,0.970512157,0.348853251,0.251767546,0.306432143,0.205035351,0.738575616,0.487842732,1.236075185,1.640282807,0.45059493,0.481979652,0.244697362,0.287635799,0.140024142,0.862390067,1.860838076,1.053285049,0.202621142,0.230729436,0.55526815,0.138299707,0.345576824,1.730125884,0.273840317,0.449387825,0.411622694,0.638041042,0.49853423,0.323331609,0.533022935,0.335575099,0.268322125,0.349715468,0.581996896,0.158994549,0.810821724,0.137088633,2.371088229,0.249343832,0.475065617,0.871189178,0.273773471,0.134363012,0.147284474,0.108015344,0.148697759,0.169291339,0.173934989,0.110841914,0.227639814,0.109226731,0.525641026,0.300524934,1.342519685,2.088835049,0.136785786,1.049666869,0.840702604,0.230062588,0.15515849,0.111346659,0.108015344,0.113466586,0.404199475,0.158590753,0.163739148,0.164849586,1.370280638,Control,Memantine,C/S,c-CS-m
3416_9,0.542598762,0.673647469,0.307472632,2.346501666,3.6127241,0.211962558,0.171664287,2.306203395,0.20276059,1.409487546,0.572584484,0.250674282,0.332222751,0.257972394,0.820878947,0.415516421,1.458194511,1.654450262,0.46231953,0.573536411,0.484055212,0.322227511,0.169125813,0.999524036,2.350943995,1.377756624,0.248294463,0.228621291,0.712835158,0.158813264,0.458035856,2.086149453,0.298746629,0.389021101,0.304616849,0.635411709,0.576392194,0.327463113,0.505156275,0.285578296,0.270030144,0.402665397,0.394256703,0.170465092,0.741363308,0.152933897,1.881303496,0.285139734,0.449623595,0.845622357,0.182840054,0.140558936,0.173146334,0.101887182,0.137362071,0.187480664,0.167165103,0.119418377,0.208621223,0.114674642,0.441992369,0.277405383,1.209755595,2.28483036,0.129215221,1.023099928,0.842734866,0.21274621,,0.118902753,0.101887182,0.114777766,0.379498814,0.144271424,,,1.616376199,Ts65Dn,Memantine,C/S,t-CS-m
3504_12,0.657391048,0.730418139,0.261925795,1.850853946,2.544169611,0.15753828,0.130594817,1.773262662,0.166961131,1.478062426,0.808745583,0.183745583,0.234540636,0.187279152,0.633981154,0.312720848,1.100265018,1.058303887,0.426678445,0.431242638,0.566843345,0.235865724,0.143404005,0.710689046,1.507803298,1.154446408,0.178886926,0.182567727,0.492196702,0.117932862,0.327885748,1.586130742,0.233951708,0.332891637,0.367196702,0.522232038,0.42270318,0.286660777,0.406360424,0.2651649,0.244699647,0.336866902,0.396937574,0.152085381,0.822356411,0.166549642,1.612413987,0.244909423,0.464681927,0.849599775,0.206572111,0.151944952,0.164864485,0.10855217,0.149557646,0.175396714,0.225670552,0.112203342,0.250105322,0.115292796,0.474512007,0.277067828,1.30543463,2.114731077,0.143800028,0.97050976,0.922482797,0.219772504,0.173992417,0.12793147,0.10855217,0.146889482,0.331835416,0.176660581,0.184945935,0.20685297,1.426625474,Ts65Dn,Memantine,C/S,t-CS-m
3498_15,0.713425513,0.805307761,0.265834077,1.860392507,2.822033898,0.205842997,0.160347904,1.875557538,0.194469224,1.760927743,1.006021409,0.259143622,0.258474576,0.23015165,0.656333631,0.492863515,1.26382694,1.269179304,0.353925067,0.558206958,0.664585192,0.375780553,0.179081178,0.912578055,2.121989295,1.192685103,0.221677074,0.231489741,0.608608385,0.175512935,0.368198037,1.562444246,0.285905442,0.358162355,0.268956289,0.609054416,0.548840321,0.273416592,0.413247101,0.329170384,0.238180196,0.315566459,0.146743979,0.181965735,0.97889991,0.175293057,0.950225428,0.275383228,0.595130748,0.908566276,0.081334536,0.165193868,0.15779982,0.104418395,0.134535618,0.156717764,0.238232642,0.117583408,0.192966637,0.115599639,0.463480613,0.262037872,1.229215509,2.108025248,0.141208296,1.209558161,0.825428314,0.227592426,0.141568981,,0.104418395,0.107303877,0.390261497,0.141208296,0.174030658,0.236429216,1.524797115,Ts65Dn,Saline,C/S,t-CS-s
363_12,0.65051081,0.800665241,0.328581611,2.291518175,3.08030411,0.263958185,0.219767166,5.182228558,0.218104063,1.591351865,0.812782134,0.330244714,0.401758137,0.284153005,0.808030411,0.630078403,1.433594678,2.623663578,0.625564267,0.564504633,0.585649798,0.366120219,0.193395106,0.971014493,1.772867665,1.335709195,0.26300784,0.280114041,0.713946306,0.187217866,0.489427417,1.853171775,0.343549537,0.480636731,0.440959848,0.735329057,0.628652887,0.344975053,0.594202899,0.384176764,0.306486101,0.440009503,0.984556902,0.170725826,0.890282132,0.156136966,3.196889318,0.316976127,0.628285508,1.19652761,0.306366048,0.165300217,0.161924283,0.104412829,0.144200627,0.166505908,0.244875814,0.121292501,0.247769472,0.142874367,0.495538944,0.278996865,1.545575115,2.153846154,0.128044369,1.196286472,0.951651796,0.221364842,0.204002894,0.139136725,0.104412829,0.132143718,0.467808054,0.201712081,0.219435737,0.229322402,1.489269351,Ts65Dn,Memantine,C/S,t-CS-m
3489_12,0.235487662,0.429847239,0.296827262,2.461809636,3.648413631,0.256874266,0.199294947,2.561927145,0.231962397,1.937250294,0.294007051,0.345475911,0.276380729,0.308343126,0.865099882,0.70693302,1.624206816,1.183548766,0.440188014,0.75346651,0.277790834,0.419036428,0.200470035,1.032197415,2.4693302,1.069095182,0.251703878,0.290481786,0.737720329,0.206345476,0.323149236,2.260634548,0.877320799,0.43172738,0.386839013,0.709753231,0.567802585,0.344300823,0.541715629,0.278730905,0.279435958,0.341715629,0.352761457,0.149056871,0.900439654,0.142816622,1.216848674,0.250886399,0.278825698,0.893490285,0.064529854,0.138561906,0.15416253,0.118422919,0.149340519,0.171748688,0.128350589,0.101120408,0.19685151,0.087221671,0.485888526,0.257977592,1.495674372,2.379804283,0.143100269,1.333427883,0.772514537,0.206921004,0.126790526,0.114451851,0.118422919,0.122110339,0.462913062,0.109771664,0.154588002,0.208481067,1.299673805,Control,Saline,S/C,c-SC-s
3534_8,0.378192745,0.59927023,0.300922945,2.434427989,4.029405452,0.281605495,0.194462331,5.134363597,0.243185233,1.34277742,0.418544752,0.386992917,0.295986263,0.310152393,0.865636403,0.862631466,1.823781927,1.262288045,0.431208414,0.733848465,0.356084997,0.391500322,0.187164628,0.99742434,2.230092294,1.138441726,0.245116978,0.28096158,0.784288474,0.215496888,0.441511054,2.28482507,0.568791586,0.449881949,0.416613007,0.853616656,0.608499678,0.34020176,0.532303069,0.310796308,0.289332475,0.439579309,0.407383559,0.164988274,1.080011036,0.139191613,1.728928128,0.270795972,0.31204304,1.144433715,0.070630432,0.134639261,0.172023727,0.134501311,0.169678576,0.203614292,0.15519382,0.103048696,0.201407091,0.106635398,0.545178645,0.279348876,1.769209546,2.597047869,0.167609325,1.503103876,0.836805077,0.19947579,0.130224859,0.115326252,0.134501311,0.11173955,0.429576493,,0.153676369,,1.13243206,Ts65Dn,Memantine,S/C,t-SC-m
3530_2,0.382975975,0.588607595,0.307672436,2.77124774,5.116507362,0.245672953,0.177344355,6.2680186,0.212994058,1.302505812,0.331051408,0.348359597,0.296305864,0.289460088,0.947946267,0.999612503,2.058124516,1.269310256,0.402996642,0.76156032,0.240118832,0.370963575,0.168302764,1.303022475,2.740893826,1.211960734,0.243606303,0.292947559,0.812968225,0.157452855,0.464866959,2.832730561,0.540170499,0.474554379,0.475846035,0.881555154,0.5679411,0.369671919,0.59958667,0.332730561,0.299664169,0.435288039,0.392921726,0.194642857,1.197282609,0.138509317,1.704891304,0.295341615,0.377018634,1.39378882,0.083540373,0.133307453,0.198524845,0.139052795,0.167624224,0.211645963,0.146506211,0.105978261,0.241614907,0.125776398,0.543944099,0.277872671,1.533540373,2.80931677,0.167003106,1.494021739,0.847204969,0.226164596,0.136956522,0.111878882,0.139052795,0.110714286,0.456677019,0.120729814,0.167624224,0.175543478,1.076086957,Ts65Dn,Memantine,S/C,t-SC-m
3423_2,0.351845384,0.592269182,0.388869484,3.147747118,5.753521947,0.26405868,0.205146117,4.289905693,0.268366515,1.283851438,0.378041681,0.36651531,0.322389102,0.318663407,1.160903481,1.138549307,2.180114099,1.350098964,0.465595529,0.93282105,0.276982187,0.405518687,0.186168355,1.759576202,3.483176156,1.248806613,0.268366515,0.325066946,0.88706485,0.183490511,0.424263593,3.227151007,1.040749796,0.548259402,0.456397718,0.973221562,0.54546513,0.45453487,0.730119921,0.321224822,0.351263244,0.474560484,0.370706718,0.222459215,1.005534098,0.144808901,1.514555831,0.312618897,0.359658731,1.686401107,0.077016199,0.141984205,0.191791088,0.143483023,0.171557042,0.238946215,0.179397014,0.106185508,0.22805096,0.122499568,0.517899349,0.314405949,1.811955958,2.618031936,0.163082954,1.32887531,0.800195999,0.213466305,0.13529717,0.109125497,0.143483023,0.112353721,0.55802156,0.107223151,0.164697066,0.162102957,1.163774716,Control,Saline,S/C,c-SC-s
3503_10,0.262234734,0.35339974,0.31290602,1.905153746,3.228886964,0.229103508,0.162407969,3.89822434,0.179514942,1.37527068,0.319402339,0.283022954,0.279341706,0.225422261,0.688609788,0.780424426,1.366608922,1.252706799,0.339974015,0.483542659,0.291468168,0.346470333,0.185794716,0.860978779,1.438934604,0.807492421,0.204200953,0.214378519,0.485058467,0.131225639,0.313122564,1.559549589,0.407319186,0.467518406,0.534647033,0.777392811,0.770030316,0.458207016,0.617583369,0.399307059,0.40428757,0.487656994,0.520138588,0.185690715,0.947652617,0.151042448,1.527523624,0.273736313,0.154942253,1.159442028,0.191540423,0.284235788,0.187640618,0.121493925,0.11699415,0.192740363,0.207139643,0.121943903,0.208489576,0.14339283,0.501724914,0.277786111,1.409779511,2.042297885,0.175491225,1.500824959,0.723863807,0.239688016,0.239838008,0.211639418,0.121493925,0.15419229,0.380230988,0.248537573,,0.298035098,0.643317834,Control,Memantine,S/C,c-SC-m
3516_11,0.212104489,0.316777042,0.251103753,1.759749816,2.618469463,0.203274467,0.155077263,2.782192789,0.177336277,0.867181751,0.232339956,0.245768948,0.235283297,0.213760118,0.709529065,0.61589404,1.204746137,0.766924209,0.427704194,0.658204562,0.191317145,0.308866814,0.167586461,1.055923473,1.537527594,0.66611479,0.197939662,0.19665195,0.464495953,0.142384106,0.292862399,1.61736571,0.599521707,0.424025018,0.466703458,0.677888153,0.493193525,0.312729948,0.541942605,0.264348786,0.293046358,0.331125828,0.342163355,0.166091593,0.837672522,0.15119197,1.205614806,0.240903388,0.63848808,0.850690088,1.342377666,0.221612296,0.165150565,0.13848808,0.183657465,0.170953576,0.567126725,0.143350063,0.226787955,0.106806775,0.722239649,0.28968005,1.507685069,2.238864492,0.191656211,1.151662484,0.721612296,0.229924718,0.196675031,0.161543287,0.13848808,0.1554266,0.3902133,,0.277132999,0.377352572,0.964711418,Control,Saline,S/C,c-SC-s
3414_15,0.574554817,0.714868054,0.278910105,2.026818279,3.281270114,0.200815276,0.166058786,1.895515984,0.206393478,1.495601802,0.675820639,0.256168204,0.300793821,0.242651791,0.703926196,0.369448616,1.234713581,1.413430594,0.449259815,0.505256383,0.557176572,0.320317528,0.179360652,0.800901094,1.947436172,1.3475649,0.251019095,0.234713581,0.697489809,0.185153401,0.409783308,1.894657799,0.300150182,0.347350354,0.323964814,0.593649431,0.185582493,0.294142888,0.389615962,0.2649646,0.232353572,0.324822999,0.446899807,0.136326795,0.742745988,0.159507213,1.898524882,0.254174096,0.313016696,0.786837413,0.131950073,0.140217215,0.143783433,0.09207327,0.136326795,0.157399903,0.178310909,0.098395202,0.200518723,0.100664613,0.425190468,0.259037121,1.123358729,2.187388556,0.132922678,0.994488572,0.893986059,0.208461663,0.129194359,,0.09207327,,0.357432323,0.140217215,0.15091587,0.167288053,1.595396337,Ts65Dn,Memantine,C/S,t-CS-m
293_14,0.191463996,0.443252265,0.262756319,1.998092513,2.582260372,0.261087268,0.192179304,3.230567477,0.254649499,1.182641869,0.240104912,0.310681927,0.27134001,0.290176443,0.766332856,0.695040534,1.324511206,0.943967573,0.453028135,0.625417263,0.280400572,0.378636147,0.189079638,0.971149261,1.920839294,0.87386743,0.26037196,0.23962804,0.609680496,0.204101097,0.321888412,1.715784454,0.998330949,0.378159275,0.359322842,0.715784454,0.612064855,0.306151645,0.520267048,0.300429185,0.309012876,0.366714354,0.350023844,0.17812142,0.895379916,0.179839633,1.663230241,0.233867889,0.528255059,1.157884689,0.932035128,0.219167621,0.187667048,0.139747995,0.190530737,0.188048874,0.503627339,0.130775105,0.189576174,0.119129439,0.69224895,0.30775105,1.730622375,2.410271096,0.1914853,1.411989309,0.866933944,0.203703704,0.161130202,0.158648339,0.139747995,0.135738832,0.485490645,0.479763268,0.204276441,0.319396716,1.299732722,Ts65Dn,Memantine,S/C,t-SC-m
362_1,0.380144642,0.602629849,0.305588429,2.231426693,3.650887574,0.223011177,0.161078238,4.482445759,0.19947403,1.257593688,0.385798817,0.296120973,0.283892176,0.24904668,0.840631164,0.738856016,1.630243261,1.153451677,0.403813281,0.746219592,0.274424721,0.332412886,0.147666009,1.189612097,2.625641026,1.284418146,0.218408941,0.268639053,0.629980276,0.136620644,0.429191321,2.248652202,0.63339908,0.487047995,0.483629191,0.872583826,0.595529257,0.390927022,0.548849441,0.319921105,0.297961867,0.441420118,0.373175542,0.165613499,1.071522811,0.120061107,1.494965627,0.237414068,0.295535032,0.867231442,0.102284564,0.125269079,0.178112631,0.123394209,0.147628637,0.185820429,0.164294146,0.098395945,0.226650927,0.12138046,0.541976252,0.259981946,1.215957225,2.101312409,0.156586348,1.212624123,0.857648774,0.249566002,0.127421707,0.119297271,0.123394209,0.121727658,0.401985973,0.116797445,0.159155614,0.157905701,1.026248177,Control,Memantine,S/C,c-SC-m
50810C_3,0.577069887,0.980428899,0.464848359,2.995766535,4.380387258,0.201540704,0.186203068,1.973905198,0.249774447,1.664098827,0.806856826,0.355541675,0.37532098,0.276424457,0.982927337,0.907696579,2.019154695,2.350544798,0.388645985,0.84093275,0.413560969,0.358178916,0.180165175,2.433062669,4.316746478,1.42334652,0.259629398,0.344853911,0.959816781,0.18509265,0.555069748,2.661183982,0.402109792,0.462558123,0.357484905,0.780484419,0.617877715,0.44999653,0.569366368,0.399264349,0.293635922,0.500381706,0.198556458,0.260688413,1.245561353,0.177395743,2.015239668,0.371457528,0.56011411,2.208212905,0.116624751,0.136631508,0.186216734,0.11673736,0.160804775,0.171990541,0.244585413,0.11343418,0.200968432,0.13389137,0.48661837,0.327840547,1.65609399,2.193198454,0.156187831,1.06486243,0.871814121,0.201118577,0.119102136,0.095942345,0.11673736,0.107691153,0.603543411,0.094816261,0.13021283,0.118989527,1.726962201,Ts65Dn,Saline,C/S,t-CS-s
50810E_4,0.537875952,0.80581555,0.333832522,2.341819543,3.794583801,0.211780856,0.160863597,2.590415575,0.207912143,1.462872832,0.600524148,0.299513291,0.319480844,0.255459878,0.743042556,0.593535505,1.601148134,1.981530014,0.468363909,0.650817422,0.399226257,0.397229502,0.15849245,1.337451641,2.900786222,1.350929739,0.245600899,0.288281542,0.753026332,0.151878198,0.49731686,2.222513416,0.302009235,0.408960439,0.298265319,0.687757394,0.538874329,0.315237739,0.508923,0.337451641,0.261200549,0.391863222,0.328341445,0.236190194,1.005250314,0.187310508,2.306588775,0.36249353,0.609184353,1.626488205,0.330695852,0.170524292,0.210973896,0.114619537,0.170524292,0.158692598,0.243437107,0.127190712,0.214745249,0.135694742,0.52998595,0.33772092,1.621089995,2.441174296,0.151001997,1.30562745,0.963321748,0.232640686,0.15861865,0.121126969,0.114619537,0.121570657,0.525401168,0.186127339,0.174739333,0.187902093,1.831694151,Ts65Dn,Saline,C/S,t-CS-s
3501_5,0.332271027,0.660523763,0.353193848,2.832201746,5.197311902,0.268809755,0.187612581,5.185949841,0.256616323,1.369267008,0.319246224,0.369544132,0.337120687,0.317722045,1.018290148,0.936538728,2.026049605,1.422613274,0.451295552,0.919495635,0.255923514,0.407510046,0.179853125,1.485935984,3.301371761,1.199944575,0.26118886,0.293335181,0.856311487,0.167244007,0.487875849,2.847582098,0.858389913,0.513925454,0.498545102,0.894000277,0.719828183,0.41263683,0.693224331,0.422197589,0.361091866,0.526950256,0.357212138,0.210579228,1.284587426,0.156523084,1.542881448,0.296187456,0.572964195,1.367024979,0.372360993,0.158533756,0.203464543,0.151651071,0.181579151,0.218235249,0.30392081,0.115381641,0.208800557,0.121954992,0.573969531,0.309102158,1.569561519,2.501740005,0.174696466,1.432449153,0.875029,0.238960637,0.141056376,0.138349702,0.151651071,0.114066971,0.476838605,0.234165958,0.191013843,0.222488593,1.094037584,Ts65Dn,Memantine,S/C,t-SC-m
50810E_10,0.418501529,0.667889908,0.29617737,2.193272171,3.573394495,0.19266055,0.143577982,2.549541284,0.204740061,1.202446483,0.491896024,0.281804281,0.30382263,0.248012232,0.70351682,0.505657492,1.551529052,1.796024465,0.418960245,0.574923547,0.361314985,0.329204893,0.150764526,1.028134557,2.631957187,1.372171254,0.237614679,0.241284404,0.738379205,0.167584098,0.441743119,2.018042813,0.30351682,0.358256881,0.248318043,0.649082569,0.529204893,0.289602446,0.455504587,0.316666667,0.240672783,0.343119266,0.331192661,0.186981109,0.761400553,0.160389845,2.101191192,0.316087113,0.514859824,1.237877512,0.257730718,0.173865961,0.195403682,0.096257971,0.135362772,0.132114066,0.171940801,0.13476116,0.174587896,0.107568283,0.387558657,0.279268439,1.197689809,2.112501504,0.147154374,1.153892432,0.931295873,0.24220912,0.159306943,0.149199856,0.096257971,0.146312116,0.403681867,0.163518229,0.147034051,0.221633979,1.625195524,Ts65Dn,Saline,C/S,t-CS-s
3416_8,0.46444276,0.66899166,0.290523124,2.188476118,3.500682335,0.20318423,0.163002274,2.233813495,0.183472328,1.292191054,0.545564822,0.240181956,0.311902957,0.241091736,0.779681577,0.386959818,1.358301744,1.556027293,0.433510235,0.554662623,0.426080364,0.292949204,0.161334344,0.951478393,2.26611069,1.281576952,0.234874905,0.2641395,0.680818802,0.155724033,0.428809704,2.019863533,0.287945413,0.359211524,0.312812737,0.593025019,0.521758908,0.299620925,0.524639879,0.278089462,0.253373768,0.347232752,0.374222896,0.165125495,0.716187379,0.151000915,1.822375775,0.282898079,0.431358602,0.730108729,0.184940555,0.145818514,0.171933747,0.104156082,0.141652271,0.186668022,0.165633574,0.113809572,0.204450767,0.105680317,0.455035057,0.278935068,1.184534092,2.266741185,0.123158216,0.998069302,0.809978661,0.210649324,,0.125190529,0.104156082,0.101615689,0.375266741,0.147952444,,,1.607865054,Ts65Dn,Memantine,C/S,t-CS-m
3415_11,0.417777056,0.548098798,0.262430939,2.000487488,3.459701007,0.216769581,0.173220669,3.028924277,0.165420864,1.157621059,0.617322067,0.29720507,0.309554761,0.245856354,0.757718557,0.647546311,1.341403965,1.75040624,0.471075723,0.583847904,0.388852779,0.291680208,0.168183295,0.822554436,1.928826779,1.138284043,0.23480663,0.262755931,0.594247644,0.124471888,0.369028274,1.725544361,0.269418265,0.445726357,0.43678908,0.676633084,0.504874878,0.33279168,0.544848879,0.335229119,0.312317192,0.39519012,0.393565161,0.172708333,0.712916667,0.149166667,2.053020833,0.2634375,0.374270833,1.206770833,0.100833333,0.142708333,0.161875,0.125,0.165416667,0.18,0.165520833,0.121979167,0.232604167,0.103958333,0.529583333,0.331041667,1.4028125,2.240625,0.1759375,1.103958333,0.921458333,0.24125,0.161145833,0.117291667,0.125,0.135520833,0.356979167,0.115104167,0.1709375,0.174166667,1.388229167,Control,Memantine,C/S,c-CS-m
3499_2,0.458423717,0.672451193,0.355206074,2.716106291,4.379067245,0.200289226,0.170281996,3.55269342,0.237075199,1.435285611,0.642353579,0.304501085,0.3890094,0.246023138,0.954718004,0.737075199,1.723336949,2.157357195,0.442877802,0.730838756,0.318962401,0.340925524,0.161966739,1.779284165,3.25840564,1.324927693,0.246655821,0.314804772,0.775849602,0.154826464,0.442606652,2.719902386,0.322758496,0.468546638,0.413774403,0.737346349,0.54428778,0.394432393,0.556399132,0.370842372,0.275849602,0.387292119,0.25840564,0.217492148,1.076781831,0.156172989,2.353032133,0.300314086,0.602609326,1.163759362,0.334621889,0.146895385,0.178835468,0.11988403,0.154868326,0.204058951,0.205411935,0.112780865,0.237641942,0.136506403,0.498332931,0.347571877,1.592703552,2.250495289,0.151244262,1.110316502,0.903116695,0.240541194,0.13351051,0.105339454,0.11988403,0.113505678,0.445759845,0.171732302,0.1420633,0.152452283,1.582556173,Control,Memantine,C/S,c-CS-m
3424_4,0.238413405,0.359104889,0.21062679,1.671545233,2.666136388,0.158553399,0.124615548,2.061300244,0.14041786,0.836143812,0.28963835,0.217732527,0.191430693,0.195991091,0.604199809,0.532293987,1.14519037,0.818856719,0.281259943,0.507476933,0.217626472,0.254321773,0.117827978,0.84876445,1.678969138,0.764344045,0.165447025,0.190370135,0.48817478,0.115706862,0.24785237,1.580655425,0.670802842,0.320500583,0.277123767,0.532293987,0.381270548,0.236610457,0.393360908,0.185597624,0.194824478,0.237777071,0.227171492,0.188498403,1.092167683,0.15471004,1.327137187,0.287927195,0.341659406,1.414076871,0.096427534,0.146190338,0.194888179,0.141543228,0.166327815,0.198663956,0.21289573,0.110949753,0.209894472,0.126149676,0.575467131,0.285313196,1.519314551,2.469454933,0.170006777,1.284345048,0.869784103,0.221705877,,,0.141543228,0.113370123,0.484364411,0.134282118,,,1.193726401,Control,Saline,S/C,c-SC-s
50810D_5,0.417048669,0.654150005,0.311225983,2.491075783,4.172729933,0.197600702,0.157612406,2.878279528,0.205208232,1.154686433,0.52589486,0.267726519,0.353750122,0.24285575,0.870671998,0.550863162,1.583829123,1.995415976,0.508143958,0.699795182,0.333170779,0.327513898,0.147664098,1.377840632,2.77118892,1.293670145,0.229201209,0.264312884,0.704964401,0.144835658,0.366331805,2.363015703,0.283721838,0.401541012,0.349068565,0.694138301,0.44357749,0.359504535,0.465619819,0.379986345,0.267141324,0.372768946,0.317760655,0.219821716,1.148755726,0.203231398,2.312306549,0.358858487,0.613284635,1.067970781,0.157546119,0.171350749,0.208926582,0.114770336,0.153336635,0.183112542,0.160950848,0.123870249,0.280735422,0.14436053,0.498823821,0.295716231,1.892039123,2.341463415,0.14169865,1.104494243,0.988238207,0.223659775,0.150241426,0.110622756,0.114770336,0.120836944,0.433576823,0.117432215,0.158536585,0.146341463,1.896805745,Control,Saline,C/S,c-CS-s
3478_10,0.362734289,0.489893422,0.320470415,2.111172363,3.166115399,0.228959941,0.178794561,2.499632488,0.177692025,1.161153988,0.427783903,0.299338479,0.359059169,0.266629915,0.764976112,0.521131937,1.398934215,2.082322675,0.469864021,0.611172363,0.333149577,0.332965821,0.192024991,1.005328923,2.531789783,1.337375965,0.257809629,0.280411613,0.678978317,0.165012863,0.365123117,1.755972069,0.290885704,0.433112826,0.343807424,0.660786476,0.529584712,0.319551635,0.553472988,0.356486586,0.298052187,0.382579934,0.362918045,0.154615913,0.731384283,0.160404199,2.086628078,0.298930639,0.436672226,1.927401158,0.296379869,0.13283626,0.192288826,0.10615128,0.153634847,0.1274404,0.180319827,0.120376729,0.180319827,0.095555774,0.468753066,0.274992642,1.366231728,2.083586775,0.124104778,1.186598646,0.927499264,0.215834396,0.152555675,0.11409791,0.10615128,0.127930933,0.461885608,0.187677818,0.152849995,0.210144217,1.793780045,Control,Saline,C/S,c-CS-s
50810F_14,0.399414471,0.496445002,0.368883312,2.116687578,2.801756587,0.314094521,0.230029276,3.525721455,0.291091593,1.643245504,0.563780845,0.35131744,0.30154747,0.356754496,0.78460895,0.606022585,1.43161857,1.181514011,0.526139691,0.64868256,0.495190297,0.531994981,0.26265161,0.989962359,2.03973233,0.973651192,0.296528649,0.287327478,0.700543706,0.281472187,0.519866165,1.794646591,0.429945629,0.461731493,0.447093266,0.819740694,0.73818486,0.39272271,0.590129653,0.458385613,0.407779172,0.43496445,0.25846926,0.168748096,0.832165702,0.222966799,1.069144076,0.293329272,0.625951873,0.726165093,0.093816631,0.221748401,0.146512336,0.104477612,0.140115748,0.117879988,0.140115748,0.139201949,0.174840085,0.107828206,0.491623515,0.299421261,1.23880597,2.052086506,0.21657021,1.246116357,0.723728297,0.224489796,,,0.104477612,0.146512336,0.50563509,,,,1.47791654,Control,Saline,C/S,c-CS-s
50810F_3,0.507564168,0.61227265,0.326874044,2.295597484,4.876593575,0.246642869,0.21145674,3.731769505,0.234404216,1.533061363,0.769335373,0.322794493,0.291007989,0.307666157,0.840557539,0.761176271,1.643889172,1.509094,0.450790413,0.751487336,0.463029067,0.438041815,0.197518273,1.142614312,2.90209077,1.057793643,0.270100289,0.301886792,0.721570627,0.204657488,0.384837668,2.220295767,0.327553969,0.39163692,0.285228625,0.749617542,0.584735679,0.397416284,0.500254972,0.46472888,0.306476288,0.398096209,0.205847357,0.20682112,0.869841901,0.176394551,0.913990256,0.328030228,0.684995526,0.872029432,0.111961818,0.191110669,0.18375261,0.118424978,0.13572636,0.152331709,0.164860296,0.123297206,0.200258526,0.111961818,0.385701501,0.221040072,1.208412051,2.192999901,0.150541911,0.97136323,0.636770409,0.18434921,,,0.118424978,0.093765536,0.258625833,,,,1.521328428,Control,Saline,C/S,c-CS-s
3484_15,2.459948081,2.580103838,0.445206749,3.006304469,5.834414982,0.186538105,0.175319859,2.099017245,0.219543853,4.334878546,3.064528092,0.293992212,0.362599666,0.264045986,1.051548303,0.708140182,1.945114037,2.270257742,0.403393288,0.904042277,1.995457074,0.406267384,0.185796403,2.072223252,3.903486,2.323011311,0.27322455,0.376877434,0.897737808,0.170591508,0.429723716,3.07315038,0.333395142,0.449471537,0.318097534,0.70072316,0.543667717,0.438346004,0.592063786,0.400055628,0.331540886,0.463471166,0.197200074,0.166173032,0.688542479,0.175370226,1.750428683,0.288698363,0.332969602,1.009664848,0.114886984,0.195323461,0.19563523,0.105533905,0.139360873,0.136399065,0.185658613,0.143569758,0.194699922,0.108028059,0.420420889,0.284333593,1.135307872,1.969290725,0.15604053,1.101948558,0.975058457,0.206235386,0.2,0.189867498,0.105533905,0.167420109,0.452533125,,0.22416212,,1.77817615,Control,Saline,C/S,c-CS-s
3418_5,0.304793118,0.515977059,0.37013519,2.443875461,3.955141336,0.253174928,0.208725932,3.103236379,0.237812372,1.430970914,0.308889799,0.342687423,0.347193773,0.319541172,0.912331012,0.839205244,1.738017206,1.248463744,0.4272839,0.729619009,0.248668578,0.396558787,0.189676362,1.207087259,2.158541581,1.076812782,0.260753789,0.267718148,0.683326506,0.192339205,0.484842278,2.38918476,0.934453093,0.560221221,0.591970504,0.912331012,0.789430561,0.482589103,0.701147071,0.411306841,0.44285129,0.574559607,0.581114297,0.160756501,0.810874704,0.142456878,1.36336573,0.241309868,0.235618597,1.085018825,0.725680764,0.198931792,0.191927152,0.119166448,0.14193153,0.161719639,0.317572892,0.117940636,0.206899571,0.131424569,0.422730059,0.239646266,1.349006217,1.833552228,0.142631994,1.166622888,0.642150425,0.201821207,,,0.119166448,0.133788635,0.37080816,,,0.292793976,0.710708344,Ts65Dn,Memantine,S/C,t-SC-m
50810B_14,0.451401869,0.631308411,0.245794393,1.810981308,2.760747664,0.198598131,0.145327103,1.402336449,0.173130841,1.478971963,0.622196262,0.221962617,0.234813084,0.203504673,0.728271028,0.469859813,1.225934579,1.067757009,0.339485981,0.571495327,0.369626168,0.310514019,0.143224299,0.847663551,1.855607477,0.995560748,0.195560748,0.194859813,0.461448598,0.123364486,0.390420561,1.420560748,0.278504673,0.450700935,0.36728972,0.689719626,0.649299065,0.334813084,0.506542056,0.382009346,0.317990654,0.429439252,0.189953271,0.180838634,0.934960405,0.152927431,0.684798131,0.25717253,0.532130339,1.226924575,0.066857069,0.15617292,0.145268077,0.104894197,0.159807867,0.143580423,0.186291055,0.120862002,0.201350123,0.116448137,0.515643256,0.304037388,1.388549916,1.944437232,0.1560431,1.058938076,0.787874854,0.22835259,0.153706348,0.120862002,0.104894197,0.133454498,0.348046216,0.11839543,0.188757627,0.178631702,1.227963131,Ts65Dn,Saline,C/S,t-CS-s
322_11,0.33923236,0.477591358,0.301080211,1.954952884,3.619627672,0.236497357,0.19030108,3.416226155,0.176281315,1.089404735,0.503332567,0.335784877,0.288899104,0.257871754,0.730176971,0.704895426,1.434153068,1.012640772,0.372098368,0.666283613,0.299701218,0.377384509,0.17789014,0.904159963,2.413468168,0.959089864,0.248908297,0.248448632,0.633647437,0.163640542,0.378763503,1.797517812,0.323833601,0.503332567,0.451160653,0.761204321,0.654792002,0.390025282,0.58837049,0.453918639,0.339921857,0.407032866,0.193288899,0.174596491,0.903578947,0.163087719,0.871719298,0.315087719,0.341052632,1.124912281,0.091649123,0.166035088,0.165473684,0.14077193,0.154245614,0.170245614,0.171649123,0.135719298,0.255578947,0.144701754,0.63522807,0.31522807,1.635508772,2.188631579,0.186526316,1.335298246,0.831719298,0.246315789,,0.166175439,0.14077193,0.14877193,0.459087719,,,,1.577964912,Control,Memantine,C/S,c-CS-m
3522_8,0.513900956,0.807413843,0.309006661,2.232551405,3.817694758,0.216623226,0.177526788,6.125253403,0.191862149,1.507240081,0.663046626,0.294960904,0.356356791,0.2589053,0.792788879,0.614827686,1.425571966,1.845931074,0.509701709,0.600637127,0.521285838,0.354184767,0.187373299,1.182594845,2.349551115,1.296843325,0.234578627,0.258326093,0.735881842,0.171589922,0.414132638,2.119461338,0.304952215,0.362438459,0.32319722,0.614827686,0.538951636,0.321604402,0.526933102,0.359687228,0.291775268,0.375760209,0.519403417,0.17799079,0.792594681,0.176581148,2.042947091,0.295179025,0.594117094,1.149703975,0.336340569,0.157316042,0.172352223,0.106474955,0.144911193,0.163142562,0.186072738,0.125928014,0.206371582,0.113805094,0.443473358,0.283338032,1.207217367,2.072173668,0.130908749,1.187482379,0.801428437,0.185414905,0.15928954,0.125834038,0.106474955,0.106662908,0.492246969,0.178178743,0.156094352,0.212855935,1.667700404,Ts65Dn,Memantine,C/S,t-CS-m
3502_8,0.252850877,0.529385965,0.35745614,2.478508772,4.535307018,0.310964912,0.259649123,3.799122807,0.254605263,1.507675439,0.322149123,0.397587719,0.348026316,0.357675439,0.906359649,0.846052632,1.794078947,1.400877193,0.487938596,0.891885965,0.307017544,0.483114035,0.227631579,1.203947368,2.356798246,1.206798246,0.291447368,0.326973684,0.844078947,0.215789474,0.398464912,2.453508772,0.756578947,0.548245614,0.499561404,0.886403509,0.691885965,0.44627193,0.680921053,0.373464912,0.371929825,0.438596491,0.429605263,0.188734924,0.948550167,0.160508083,1.684629202,0.29060816,0.354118553,1.332948422,0.180266872,0.176546061,0.177700795,0.144855017,0.171285604,0.188991532,0.215807031,0.124198101,0.196048242,0.125224532,0.546061073,0.284706184,1.575057737,2.474467539,0.180908391,1.525660765,0.825763408,0.227354375,,0.154991019,0.144855017,0.116371568,0.500384911,0.159609956,0.202848345,,1.075570952,Ts65Dn,Memantine,S/C,t-SC-m
311_8,0.598868778,0.690271493,0.349773756,2.308371041,4.229411765,0.221493213,0.187104072,2.045475113,0.176696833,1.922171946,0.850452489,0.34638009,0.369457014,0.27918552,0.85,0.654751131,1.580316742,1.516289593,0.417647059,0.743438914,0.473076923,0.37760181,0.184162896,1.112217195,3.119004525,1.261312217,0.263348416,0.264253394,0.669230769,0.181900452,0.411085973,2.043438914,0.381447964,0.530769231,0.4260181,0.883936652,0.720135747,0.446832579,0.616968326,0.484162896,0.413800905,0.554298643,0.25520362,0.159954879,0.768527919,0.190073322,0.963338973,0.282910321,0.323068246,0.988832487,0.096559504,0.213987592,0.181725888,0.112351946,0.147772138,0.150592217,0.159052453,0.14393683,0.215454033,0.110434292,0.349125776,0.236999436,1.062380147,1.611957135,0.150592217,1.118668923,0.691483362,0.192329385,0.167399887,0.178341794,0.112351946,,0.471517202,0.147208122,0.234179357,0.197067118,1.219966159,Control,Memantine,C/S,c-CS-m
3503_12,0.246712726,0.352574103,0.267662135,1.944952084,3.084689102,0.228883441,0.170269668,3.959438378,0.196790729,1.240695342,0.315132605,0.299086249,0.272565188,0.239358146,0.751058614,0.787608647,1.333184756,1.151994651,0.360820147,0.533541342,0.248495654,0.334967684,0.173389793,0.887452641,1.466012926,0.833964787,0.205036773,0.216848674,0.518832182,0.135279697,0.330733229,1.631156675,0.419879652,0.485625139,0.526409628,0.805215066,0.634053934,0.413416537,0.601961221,0.375975039,0.386895476,0.452863829,0.497214174,0.148666766,0.750037241,0.14404886,1.43497691,0.258602711,0.228362878,1.039922538,0.170564576,0.187993446,0.177119023,0.142410249,0.141963355,0.178459705,0.199165798,0.111276627,0.218084314,0.113064204,0.494115895,0.276627439,1.367495903,2.042305973,0.19320721,1.294503203,0.718754655,0.219424996,0.215700879,0.18814241,0.142410249,0.146283331,0.397288843,0.194845822,,0.248175182,0.778489498,Control,Memantine,S/C,c-SC-m
50810A_2,0.435422035,0.831311671,0.419143988,2.98743008,3.968700899,0.193388222,0.206712337,2.352209163,0.293947583,1.393187103,0.881779901,0.358054176,0.397963673,0.317579033,1.057633084,1.1102382,2.062095406,2.284205895,0.415373012,0.875683489,0.321412859,0.367041669,0.184777827,2.52447992,3.766450883,1.282508956,0.281189114,0.367733015,0.885550877,0.175601785,0.440261454,2.795047451,0.350575074,0.462698762,0.381937025,0.819118849,0.496260449,0.44572937,0.576079442,0.388221985,0.290805103,0.456225253,0.217962416,0.30647547,1.607568412,0.244309311,1.234653628,0.395307749,0.715670967,1.128276769,0.109787164,0.190894897,0.208069685,0.140972964,0.18567672,0.260292547,0.168584107,0.146232229,0.281165256,0.180992686,0.573958419,0.344071,2.403114471,2.530610568,0.168748459,1.234119484,1.007313666,0.25774509,0.152313255,0.159750185,0.140972964,0.145287205,0.740652478,0.160982825,0.189128112,0.16377681,1.963431671,Control,Saline,C/S,c-CS-s
293_13,0.227418164,0.444006891,0.310115678,2.093034703,2.882599065,0.273935516,0.203544179,3.312576914,0.25695299,1.210927886,0.25621462,0.313807531,0.281811469,0.291410288,0.78390352,0.723849372,1.352941176,0.982279104,0.49027812,0.679301009,0.341619493,0.378045779,0.191238001,1.062023136,1.994339158,0.894905242,0.228402658,0.248338666,0.633029781,0.215604233,0.346541964,1.765690377,1.075067684,0.405611617,0.40093527,0.761506276,0.603248831,0.306669948,0.529165641,0.336450898,0.333743539,0.376076791,0.335958651,0.175660377,0.873207547,0.178490566,1.650377358,0.261698113,0.516415094,1.17490566,0.937169811,0.215849057,0.173773585,0.130754717,0.185849057,0.172264151,0.468113208,0.129056604,0.184528302,0.10245283,0.674150943,0.305660377,1.727358491,2.33509434,0.176226415,1.383584906,0.817735849,0.212830189,0.156603774,0.138301887,0.130754717,0.133207547,0.468113208,0.45509434,0.201886792,0.309433962,1.269433962,Ts65Dn,Memantine,S/C,t-SC-m
3429_4,0.765429988,0.92648316,0.264489656,1.943580099,3.380406907,0.186014703,0.159172508,2.25782185,0.188750214,1.810053001,1.171482305,0.268250983,0.24072491,0.243802359,0.71943922,0.641135237,1.4759788,1.070610361,0.337835527,0.633099675,0.593434775,0.316977261,0.147546589,0.982732091,2.564711917,1.165669345,0.219524705,0.243973329,0.561805437,0.13301419,0.420755685,1.83005642,0.289109249,0.418191144,0.352538896,0.69960677,0.591041204,0.326893486,0.491707984,0.367242264,0.252863737,0.38245854,0.201914857,0.175920514,1.131891681,0.138905124,0.687219949,0.264854861,0.510617573,0.805376973,0.091272161,0.138223261,0.167738165,0.108903176,0.144262614,0.183421001,0.222481979,0.107052406,0.239138905,0.123806741,0.56964738,0.232125463,1.524254822,1.988700565,0.126339373,0.863237873,0.80742256,0.208747321,0.127605689,0.114942529,0.108903176,0.128579778,0.332943698,0.112799532,0.171439704,0.150691603,1.546269238,Ts65Dn,Memantine,C/S,t-CS-m
3501_11,0.326462766,0.619237589,0.328235816,2.432402482,3.945257092,0.279920213,0.213652482,4.414450355,0.231161348,1.279033688,0.324024823,0.356382979,0.317375887,0.322473404,0.875443262,0.785460993,1.729609929,1.210106383,0.493129433,0.83266844,0.291445035,0.449689716,0.210771277,1.248670213,2.570257092,1.162898936,0.302526596,0.315824468,0.774157801,0.192597518,0.468971631,2.139184397,0.785904255,0.475620567,0.45412234,0.843306738,0.664450355,0.373670213,0.677969858,0.391843972,0.353945035,0.487810284,0.342641844,0.190272374,0.859143969,0.162127108,1.485343709,0.286511025,0.646433204,1.349286641,0.374967575,0.341115435,0.19156939,0.150972763,0.191699092,0.209338521,0.347470817,0.121011673,0.186770428,0.112970169,0.691699092,0.338391699,1.522697795,2.402204929,0.188845655,1.893644617,0.950324254,0.283527886,0.172892348,0.148119326,0.150972763,0.152010376,0.430869001,0.232166018,0.204539559,0.244876783,1.160311284,Ts65Dn,Memantine,S/C,t-SC-m
3500_12,0.258342707,0.425384327,0.258155231,1.88863892,2.989876265,0.202662167,0.176040495,4.794338208,0.171353581,1.134233221,0.343457068,0.310086239,0.258342707,0.267154106,0.721409824,0.809898763,1.302774653,1.058117735,0.391451069,0.522872141,0.214660667,0.315710536,0.177915261,0.897450319,1.665729284,0.873453318,0.202849644,0.226471691,0.553243345,0.143794526,0.368391451,1.652230971,0.504874391,0.41376078,0.454068241,0.717472816,0.578365204,0.331833521,0.54855643,0.318897638,0.319272591,0.418822647,0.336707912,0.15313522,0.909853548,0.151855538,1.702402957,0.299587658,0.352907721,1.293615811,0.143182141,0.193800654,0.171761695,0.128394711,0.146452439,0.191241291,0.170482013,0.121569743,0.282667425,0.15043367,0.62235177,0.284373667,1.702402957,2.434949524,0.208730272,1.365846723,0.815583677,0.206597469,0.201763117,0.199061567,0.128394711,0.172757003,0.4773212,0.200625622,0.256505048,0.249537893,1.109910422,Control,Memantine,S/C,c-SC-m
320_10,0.519443385,0.736370568,0.370568052,2.503049943,4.947197865,0.266488753,0.205299276,2.749142204,0.208921083,1.712161647,0.787266489,0.347693481,0.344452917,0.284216546,0.893823866,0.759054518,1.821768967,1.685093404,0.399161266,0.845215402,0.474266108,0.430232558,0.193671369,1.40773923,3.439954251,1.437094929,0.288600839,0.309569196,0.78879146,0.190240183,0.417460923,2.191574533,0.356080823,0.550133435,0.461303851,0.815287838,0.694052612,0.445672894,0.676134197,0.479603507,0.39306138,0.48532215,0.211780404,0.202085286,0.983950328,0.181935333,0.785731022,0.343134958,0.551077788,1.508669166,0.118673852,0.175843486,0.202085286,0.135074977,0.175726336,0.197282099,0.241682287,0.144564199,0.183223993,0.108247423,0.546860356,0.313378632,1.499297095,2.216377694,0.160613871,1.380974695,0.915417057,0.223523899,0.172446111,0.146438613,0.135074977,0.126522962,0.583997188,0.14468135,0.178537957,,1.655576382,Control,Memantine,C/S,c-CS-m
3412_12,0.265617191,0.403048476,0.321589205,2.18015992,3.184657671,0.274362819,0.212143928,5.701649175,0.223388306,1.202648676,0.38005997,0.395052474,0.319590205,0.291104448,0.877311344,1.0982009,1.650924538,1.15842079,0.5,0.660669665,0.275612194,0.383808096,0.201649175,0.981509245,1.792853573,0.928035982,0.256371814,0.266616692,0.658170915,0.186656672,0.389555222,1.963018491,0.693403298,0.487256372,0.571964018,0.884057971,0.624687656,0.364067966,0.603698151,0.33808096,0.340829585,0.389555222,0.457021489,0.157691662,0.969300453,0.151820164,1.781244758,0.314880054,0.327965107,0.780573729,0.164066432,0.176983728,0.171279987,0.128837443,0.172957557,0.183358497,0.209360845,0.11810099,0.295587989,0.155846335,0.651568529,0.287703405,1.84331488,2.546552592,0.204328133,1.416373092,0.825700386,0.2177487,0.202986076,0.210031874,0.128837443,0.161550075,0.479449757,0.193256165,0.287871163,0.282670693,0.983727562,Control,Memantine,S/C,c-SC-m
J2292_6,0.240794144,0.380102041,0.357586513,2.338952972,4.783717835,0.219942325,0.160714286,5.367346939,0.195319432,0.838065661,0.289485359,0.309782609,0.349267968,0.269077196,0.866348713,0.778948536,1.639086069,1.857475599,0.43511535,0.741570541,0.219055013,0.355368234,0.15971606,1.31799024,2.585958296,1.114795918,0.234693878,0.283939663,0.763087844,0.15461402,0.384427684,,0.468500444,0.495230701,0.442657498,0.757653061,0.540039929,0.391415262,0.585958296,0.357253771,0.316104703,0.391858917,0.494787045,0.208185855,0.948194865,0.163395328,2.255679259,0.309028895,0.447519145,1.610914473,0.383615419,0.159984555,0.204582019,0.137460583,0.159920201,0.201428663,0.323572945,0.126649077,0.229744514,0.170796062,0.565029925,0.328463865,1.537293262,2.398416887,0.159855847,1.372803913,0.936353691,0.241263917,0.145054379,0.122980887,0.137460583,0.1239462,0.53787245,0.215522234,0.179934359,0.178647275,1.268807517,Control,Saline,S/C,c-SC-s
3498_4,0.878349022,1.036809076,0.289645185,2.064687425,3.713492638,0.178976587,0.147719044,2.030050688,0.195631185,2.043446778,1.226647357,0.256335988,0.246319092,0.216751147,0.713371953,0.566980449,1.472725078,1.343229544,0.339971035,0.629374849,0.746681149,0.31788559,0.151218923,1.236664253,2.763456433,1.319575187,0.217113203,0.238715906,0.64433985,0.149650012,0.405261888,1.953294714,0.270576877,0.356504948,0.246198407,0.606203234,0.462828868,0.309558291,0.427709389,0.334419503,0.235578084,0.35324644,0.144701907,0.229260935,1.078193221,0.166547591,0.985472732,0.308089228,0.618798127,0.915773597,0.091609113,0.155671985,0.181709931,0.122092562,0.162419624,0.185520362,0.254822577,0.109708661,0.205445741,0.117329523,0.438437723,0.259506232,1.417559736,2.560212749,0.162419624,1.107882829,0.813368262,0.21139954,0.103278558,,0.122092562,0.095578312,0.36977058,0.097483528,0.122886402,0.130904184,1.607525601,Ts65Dn,Saline,C/S,t-CS-s
3422_10,0.299733333,0.424,0.3096,2.222666667,3.219733333,0.258133333,0.190933333,3.238133333,0.183466667,1.280533333,0.308266667,0.302133333,0.3088,0.280533333,0.844266667,0.731733333,1.518933333,1.1928,0.4152,0.832,0.2824,0.3928,0.205866667,1.034666667,1.817066667,0.901866667,0.2296,0.246133333,0.582933333,0.179466667,0.377866667,1.774133333,0.789333333,0.568533333,0.614133333,0.894133333,0.6624,0.420266667,0.6576,0.317333333,0.398133333,0.434133333,0.499466667,0.14345516,0.711640638,0.136370955,1.316857189,0.219449364,0.222186443,1.124456609,0.129447754,0.135082917,0.149251328,0.130413782,0.161165674,0.197069715,0.174529061,0.118821446,0.204636934,0.108195138,0.600708421,0.304298825,1.497182418,2.099500886,0.198679762,1.260666559,0.763484141,0.258734503,0.172113991,0.160199646,0.130413782,0.149251328,0.365641604,0.168249879,0.232651747,0.224601513,0.993720818,Control,Saline,S/C,c-SC-s
3476_15,0.392589889,0.521628034,0.289833911,1.792297865,2.359737178,0.218288009,0.169008943,3.292936667,0.199306443,1.170834094,0.528928637,0.307172842,0.337470341,0.265924439,0.607592626,0.675305713,1.268662165,2.115897062,0.491695565,0.494250776,0.369775506,0.330899799,0.172841759,0.824055485,1.720021902,0.99963497,0.218835554,0.255703596,0.599561964,0.159700675,0.403358277,1.498083592,0.296221938,0.375068443,0.297499544,0.672750502,0.520532944,0.253148385,0.403540792,0.319218836,0.245847782,0.328344588,0.402628217,0.183916388,0.880389026,0.175932646,3.199303237,0.281172884,0.543184787,0.783422848,0.264189287,0.185513137,0.176368123,0.104514443,0.149804035,0.172884308,0.204528959,0.134126869,0.172158514,0.105675715,0.475685876,0.300624183,1.814777181,2.219480331,0.180287415,1.193206561,0.884163159,0.258963565,0.202206416,0.152707214,0.104514443,0.142400929,0.438960662,0.211206271,0.197125853,0.242415445,1.641602555,Ts65Dn,Saline,C/S,t-CS-s
3417_4,0.427303466,0.579740772,0.233023387,1.637080868,2.612426036,0.184981685,0.143279797,2.279797126,0.171315864,1.26599042,0.612285151,0.238940547,0.214003945,0.215131023,0.567061144,0.553958862,1.203437588,0.778670048,0.338546069,0.492110454,0.347280924,0.269230769,0.152014652,0.764581572,2.123555931,0.773598197,0.18808115,0.201746971,0.533530572,0.122992392,0.352634545,1.633417864,0.254860524,0.297548605,0.290786137,0.572414765,0.472668357,0.249647788,0.377712032,0.311355311,0.225838264,0.30924204,0.156663849,0.187715411,1.179837518,0.170974889,1.004554407,0.303791236,0.460610537,0.802067947,0.20310192,0.168759232,0.188577056,0.120014771,0.156819301,0.170974889,0.181437715,0.127400295,0.269940916,0.1614968,0.627154111,0.267725258,1.897095027,2.299975382,0.145741014,1.105859183,0.778311177,0.223904481,,0.149187592,0.120014771,0.140201871,0.419128508,,,,1.590965042,Ts65Dn,Memantine,C/S,t-CS-m
3424_15,0.311309524,0.517559524,0.330059524,2.251190476,3.08125,0.297916667,0.238095238,2.586607143,0.246130952,1.412797619,0.468154762,0.34375,0.288095238,0.332738095,0.799702381,0.678571429,1.509821429,1.117261905,0.443452381,0.805654762,0.424404762,0.458333333,0.230059524,1.088988095,2.07172619,1.071428571,0.282738095,0.308333333,0.716071429,0.227083333,0.333035714,1.919345238,0.974702381,0.462202381,0.426190476,0.762797619,0.661011905,0.341666667,0.636309524,0.29702381,0.313095238,0.352678571,0.358333333,0.143478261,0.900207039,0.159834369,1.328985507,0.285300207,0.283229814,1.214492754,0.072256729,0.164182195,0.151345756,0.13747412,0.170393375,0.190062112,0.196273292,0.132091097,0.192546584,0.090269151,0.710559006,0.321325052,1.763768116,2.412215321,0.197308489,1.3,1.003519669,0.339130435,,,0.13747412,0.185300207,0.47494824,0.227536232,,,1.300828157,Control,Saline,S/C,c-SC-s
3477_6,0.5421644,0.78048492,0.414547605,2.672383205,5.691898285,0.283500887,0.198698995,4.806978119,0.256061502,1.880189237,0.843287995,0.389000591,0.424364281,0.334476641,0.953873448,1.127971614,1.870963927,2.604021289,0.564754583,0.774807806,0.478888232,0.391247782,0.208988764,1.596806623,3.242578356,1.452276759,0.284092253,0.325487877,0.847191011,0.179302188,0.460910704,2.692726198,0.404730928,0.557776464,0.446717918,0.879479598,0.71011236,0.518391484,0.649319929,0.462093436,0.408752218,0.542400946,0.482791248,0.176395631,0.842536408,0.166686893,1.989199029,0.294053398,0.340109223,2.122876214,0.303944175,0.165412621,0.189259709,0.117050971,0.141504854,0.162196602,0.166868932,0.11875,0.181432039,0.122026699,0.416868932,0.313956311,1.436650485,1.886165049,0.134890777,1.075546117,0.70151699,0.235315534,,0.115716019,0.117050971,0.111468447,0.367354369,0.174514563,0.153216019,,1.32032767,Control,Saline,C/S,c-CS-s
3534_4,0.372619829,0.621634931,0.292350624,2.470617203,4.060242942,0.271831911,0.1945174,5.03906763,0.230137886,1.312048588,0.459783322,0.354235062,0.279218647,0.306795798,0.871470781,0.910374261,1.767071569,1.229152988,0.42760998,0.669238345,0.326657912,0.362606697,0.179579777,1.086178595,2.326493762,1.12229153,0.24458306,0.272652659,0.76132633,0.179908076,0.435489166,2.403479974,0.558437295,0.451739987,0.419238345,0.858995404,0.571240972,0.358502955,0.558108995,0.312048588,0.291201576,0.423177938,0.381648063,0.176072898,1.083480306,0.132079169,1.766803841,0.283264746,0.340485989,1.198804625,0.074661964,0.124828532,0.171173819,0.136194395,0.162747403,0.211934156,0.160199882,0.096315893,0.203409759,0.099647266,0.515089163,0.271213012,1.712032138,2.580246914,0.156182638,1.445130316,0.793650794,0.198706643,0.117577895,0.109347443,0.136194395,0.101312953,0.401528513,,0.134332745,,1.065451695,Ts65Dn,Memantine,S/C,t-SC-m
3521_5,0.734437011,0.876063046,0.387912462,2.541558,4.601655516,0.241070416,0.189250482,5.252863136,0.228937521,1.790339041,0.953963034,0.340061231,0.373171561,0.300600975,0.808935253,0.703934686,1.544959746,2.118834335,0.519333258,0.717655063,0.637600635,0.371243905,0.185281778,1.343009411,3.04705749,1.531125978,0.265449597,0.296859054,0.837963488,0.177230979,0.447443021,2.560607779,0.347545073,0.490758589,0.40322032,0.765846468,0.52024039,0.408776505,0.58498696,0.400498923,0.310125865,0.409456855,0.35831727,0.190561529,0.909737157,0.166308244,1.922939068,0.339127838,0.527060932,1.739545998,0.187156511,0.149342891,0.168518519,0.127897252,0.156630824,0.191278375,0.193548387,0.111947431,0.217383513,0.118876941,0.49181601,0.301075269,1.532078853,2.202150538,0.138709677,1.208841099,0.940322581,0.244205496,0.13172043,0.099940263,0.127897252,0.104181601,0.451314217,0.117980884,0.128733572,0.156391876,1.612305854,Control,Memantine,C/S,c-CS-m
3425_10,0.273416887,0.480870712,0.246042216,1.733509235,2.428100264,0.18469657,0.146273087,2.254287599,0.166062005,0.848614776,0.295844327,0.246042216,0.238126649,0.219986807,0.648911609,0.501649077,1.043865435,1.035290237,0.405507916,0.526055409,0.222790237,0.274406332,0.163093668,0.813159631,1.596635884,0.859498681,0.186180739,0.215204485,0.475098945,0.129617414,0.32866095,1.488951187,0.477572559,0.414577836,0.495877309,0.608014512,0.494063325,0.310356201,0.515171504,0.309201847,0.28792876,0.375,0.515996042,0.177289206,0.833352824,0.157876272,2.238451643,0.280084201,0.548590808,0.861185826,0.250847854,0.180446731,0.176119752,0.118348731,0.151561221,0.197754649,0.284645071,0.116828441,0.214127003,0.121740147,0.541106303,0.31762367,1.574435739,1.985615717,0.171208046,1.140217518,0.903753947,0.229096012,0.189685417,0.13308385,0.118348731,0.126301017,0.387089229,0.182668694,0.196936031,0.209683078,1.117062332,Ts65Dn,Saline,S/C,t-SC-s
3507_7,0.371069182,0.514544025,0.304048742,2.304441824,4.002358491,0.218356918,0.17177673,2.17197327,0.210888365,1.235849057,0.533018868,0.310534591,0.289504717,0.245676101,0.837460692,0.597877358,1.518671384,1.089622642,0.372051887,0.602201258,0.298545597,0.348663522,0.166666667,1.00884434,2.762185535,1.108883648,0.245676101,0.235652516,0.709512579,0.164897799,0.362617925,2.081761006,0.312106918,0.426886792,0.408215409,0.75668239,0.567216981,0.315841195,0.580778302,0.381092767,0.275353774,0.362814465,0.185731132,0.174512354,0.986736021,0.160078023,0.963849155,0.292977893,0.485955787,0.94863459,0.108712614,0.149674902,0.155916775,0.115994798,0.164889467,0.186215865,0.167750325,0.124057217,0.275812744,0.149544863,0.559037711,0.286215865,1.623927178,2.353576073,0.156957087,1.203120936,0.817425228,0.229128739,0.187126138,,0.115994798,0.127178153,0.457347204,,,0.245123537,1.530039012,Control,Memantine,C/S,c-CS-m
3516_5,0.218939594,0.358612503,0.24848325,1.92614086,3.229886573,0.19361646,0.150356107,3.361382221,0.193220786,0.884858876,0.256924294,0.246768663,0.240437879,0.217884463,0.761408599,0.703376418,1.384463202,0.795172778,0.427723556,0.697968874,0.190319177,0.295700343,0.163149565,1.260221577,1.833553152,0.753758903,0.191901873,0.198232656,0.530335004,0.129649169,0.290820364,1.940780797,0.680954893,0.395278291,0.402004748,0.659588499,0.45410182,0.297019256,0.509364284,0.255341599,0.258770773,0.338960696,0.31640728,0.177976471,0.970258824,0.153129412,1.348141176,0.267670588,0.553505882,0.963011765,1.042917647,0.180235294,0.174211765,0.131858824,0.177505882,0.176282353,0.478964706,0.136188235,0.265976471,0.145129412,0.641035294,0.278305882,1.5824,2.480941176,0.172988235,1.153223529,0.750776471,0.227388235,0.148047059,0.141741176,0.131858824,0.137223529,0.448847059,,0.226352941,0.330352941,1.099105882,Control,Saline,S/C,c-SC-s
50810A_7,0.322756669,0.558407437,0.318815683,2.42502021,3.940379951,0.199070331,0.156628941,2.74242118,0.199676637,1.068108327,0.550727567,0.322049313,0.334478577,0.241107518,0.868633791,0.858023444,1.700586095,2.059013743,0.473423605,0.647433306,0.235953921,0.316390461,0.153799515,1.32386823,2.883993533,1.22938561,0.232518189,0.277081649,0.708468068,0.143997575,0.352869846,2.198666128,0.284963622,0.400970089,0.371564268,0.714329022,0.452506063,0.330638642,0.508185125,0.343371059,0.260206144,0.367320129,0.205133387,0.238007511,1.260610784,0.211790548,2.070927514,0.376036279,0.48685609,1.110465528,0.095018777,0.182030752,0.219088783,0.125203713,0.160065188,0.227591582,0.160419471,0.12463686,0.308793311,0.183731312,0.526181535,0.303053922,2.175441083,2.349252462,0.138595621,1.247573159,0.960107702,0.226670446,0.150216113,0.127541983,0.125203713,0.135548785,0.531283214,0.122865443,0.163253738,0.177850209,2.103875859,Control,Saline,C/S,c-CS-s
